"city","date","newCases","casesTminus1","casesTminus2","drivingMinus7","transitMinus7","walkingMinus7","drivingMinus8","transitMinus8","walkingMinus8","drivingMinus9","transitMinus9","walkingMinus9","drivingMinus10","transitMinus10","walkingMinus10","drivingMinus11","transitMinus11","walkingMinus11","drivingMinus12","transitMinus12","walkingMinus12","drivingMinus13","transitMinus13","walkingMinus13","drivingMinus14","transitMinus14","walkingMinus14","driving","walking","transit","anomalousWeekend","longWeekend","weekend","sumDrivingMinus7_14","sumTransitMinus7_14","sumWalkingMinus7_14","Population","LandAreakm","Poverty.rate","Median.age","Median.household.income"
"Baltimore",2020-06-06,293,293,391,6.86,-29.99,8.47,-4.98,-40.97,-4.6,-7.01,-44.91,1.03,-1.71,-40.65,6.87,-1.47,-41.08,9.92,-10.27,-47.81,1.2,7.85,-34.61,9.1,-2.53,-34.28,-5.77,16.68,21.85,-19.25,0,0,1,-1.89428571428571,-44.9,3.74571428571429,620961,"209.5",0.224,35.5,51000
"Baltimore",2020-06-07,216,293,293,15.91,-26.69,19.02,6.86,-29.99,8.47,-4.98,-40.97,-4.6,-7.01,-44.91,1.03,-1.71,-40.65,6.87,-1.47,-41.08,9.92,-10.27,-47.81,1.2,7.85,-34.61,9.1,25.47,27.4,-22.14,0,0,1,0.74,-43.8157142857143,7.28714285714286,620961,"209.5",0.224,35.5,51000
"Baltimore",2020-06-08,203,216,293,9.68,-36.44,45.46,15.91,-26.69,19.02,6.86,-29.99,8.47,-4.98,-40.97,-4.6,-7.01,-44.91,1.03,-1.71,-40.65,6.87,-1.47,-41.08,9.92,-10.27,-47.81,1.2,11.79,21.86,-32.55,0,0,0,1.00142857142857,-44.0771428571429,12.4814285714286,620961,"209.5",0.224,35.5,51000
"Baltimore",2020-06-09,193,203,216,4.04,-40.77,17.13,9.68,-36.44,45.46,15.91,-26.69,19.02,6.86,-29.99,8.47,-4.98,-40.97,-4.6,-7.01,-44.91,1.03,-1.71,-40.65,6.87,-1.47,-41.08,9.92,13.65,22.65,-31.7,0,0,0,3.04571428571429,-43.0714285714286,14.7571428571429,620961,"209.5",0.224,35.5,51000
"Baltimore",2020-06-10,225,193,203,4,-33.82,17.5,4.04,-40.77,17.13,9.68,-36.44,45.46,15.91,-26.69,19.02,6.86,-29.99,8.47,-4.98,-40.97,-4.6,-7.01,-44.91,1.03,-1.71,-40.65,6.87,9.75,21.23,-31.05,0,0,0,3.82714285714286,-42.0342857142857,15.84,620961,"209.5",0.224,35.5,51000
"Baltimore",2020-06-11,330,225,193,6.87,-36.11,9.81,4,-33.82,17.5,4.04,-40.77,17.13,9.68,-36.44,45.46,15.91,-26.69,19.02,6.86,-29.99,8.47,-4.98,-40.97,-4.6,-7.01,-44.91,1.03,7.73,17.65,-32.74,0,0,0,5.05285714285714,-41.3857142857143,16.26,620961,"209.5",0.224,35.5,51000
"Baltimore",2020-06-12,172,330,225,-2.63,-39.54,-6.37,6.87,-36.11,9.81,4,-33.82,17.5,4.04,-40.77,17.13,9.68,-36.44,45.46,15.91,-26.69,19.02,6.86,-29.99,8.47,-4.98,-40.97,-4.6,12.25,27.97,-29.8,0,0,0,5.67857142857143,-40.6185714285714,15.2028571428571,620961,"209.5",0.224,35.5,51000
"Baltimore",2020-06-13,258,172,330,16.68,-19.25,21.85,-2.63,-39.54,-6.37,6.87,-36.11,9.81,4,-33.82,17.5,4.04,-40.77,17.13,9.68,-36.44,45.46,15.91,-26.69,19.02,6.86,-29.99,8.47,21.74,22.09,-16.96,0,0,1,8.77285714285714,-37.5157142857143,18.9814285714286,620961,"209.5",0.224,35.5,51000
"Baltimore",2020-06-14,162,258,172,25.47,-22.14,27.4,16.68,-19.25,21.85,-2.63,-39.54,-6.37,6.87,-36.11,9.81,4,-33.82,17.5,4.04,-40.77,17.13,9.68,-36.44,45.46,15.91,-26.69,19.02,30.14,32.29,-14.49,0,0,1,11.4314285714286,-36.3942857142857,21.6857142857143,620961,"209.5",0.224,35.5,51000
"Baltimore",2020-06-15,152,162,258,11.79,-32.55,21.86,25.47,-22.14,27.4,16.68,-19.25,21.85,-2.63,-39.54,-6.37,6.87,-36.11,9.81,4,-33.82,17.5,4.04,-40.77,17.13,9.68,-36.44,45.46,15.81,23.39,-33.1,0,0,0,10.8428571428571,-37.2314285714286,22.0914285714286,620961,"209.5",0.224,35.5,51000
"Baltimore",2020-06-16,188,152,162,13.65,-31.7,22.65,11.79,-32.55,21.86,25.47,-22.14,27.4,16.68,-19.25,21.85,-2.63,-39.54,-6.37,6.87,-36.11,9.81,4,-33.82,17.5,4.04,-40.77,17.13,18.86,27.15,-30.85,0,0,0,11.41,-36.5542857142857,18.8328571428571,620961,"209.5",0.224,35.5,51000
"Baltimore",2020-06-17,257,188,152,9.75,-31.05,21.23,13.65,-31.7,22.65,11.79,-32.55,21.86,25.47,-22.14,27.4,16.68,-19.25,21.85,-2.63,-39.54,-6.37,6.87,-36.11,9.81,4,-33.82,17.5,9.47,14.42,-36.6,0,0,0,12.2257142857143,-35.1657142857143,19.4185714285714,620961,"209.5",0.224,35.5,51000
"Baltimore",2020-06-18,135,257,188,7.73,-32.74,17.65,9.75,-31.05,21.23,13.65,-31.7,22.65,11.79,-32.55,21.86,25.47,-22.14,27.4,16.68,-19.25,21.85,-2.63,-39.54,-6.37,6.87,-36.11,9.81,12.57,25.75,-29.4,0,0,0,12.7585714285714,-35.0114285714286,19.44,620961,"209.5",0.224,35.5,51000
"Baltimore",2020-06-19,165,135,257,12.25,-29.8,27.97,7.73,-32.74,17.65,9.75,-31.05,21.23,13.65,-31.7,22.65,11.79,-32.55,21.86,25.47,-22.14,27.4,16.68,-19.25,21.85,-2.63,-39.54,-6.37,10.51,10.44,-31.84,0,0,0,13.5271428571429,-34.11,22.0342857142857,620961,"209.5",0.224,35.5,51000
"Baltimore",2020-06-20,189,165,135,21.74,-16.96,22.09,12.25,-29.8,27.97,7.73,-32.74,17.65,9.75,-31.05,21.23,13.65,-31.7,22.65,11.79,-32.55,21.86,25.47,-22.14,27.4,16.68,-19.25,21.85,14.73,7.69,-23.07,0,0,1,17.0085714285714,-30.8842857142857,26.1,620961,"209.5",0.224,35.5,51000
"Boston",2020-06-06,403,403,323,-19.45,-75.69,-47.79,-23.42,-75.85,-48.69,-19.9,-74.39,-43.55,-15.18,-72.09,-37.07,-17.86,-71.9,-37.82,-31,-75.74,-49.01,-20.73,-75.4,-49.97,-33.14,-80.38,-61.96,-20.62,-53.21,-74.52,0,0,1,-25.8114285714286,-85.92,-53.6942857142857,617594,"125.1",0.205,32.1,71834
"Boston",2020-06-07,203,403,403,-3.31,-60.1,-13.92,-19.45,-75.69,-47.79,-23.42,-75.85,-48.69,-19.9,-74.39,-43.55,-15.18,-72.09,-37.07,-17.86,-71.9,-37.82,-31,-75.74,-49.01,-20.73,-75.4,-49.97,-10.83,-41.78,-66.68,0,0,1,-21.55,-83.0228571428571,-46.8314285714286,617594,"125.1",0.205,32.1,71834
"Boston",2020-06-08,121,203,403,-14.36,-70.65,-36.05,-3.31,-60.1,-13.92,-19.45,-75.69,-47.79,-23.42,-75.85,-48.69,-19.9,-74.39,-43.55,-15.18,-72.09,-37.07,-17.86,-71.9,-37.82,-31,-75.74,-49.01,-3.6,-27.82,-65.15,0,0,0,-20.64,-82.3442857142857,-44.8428571428571,617594,"125.1",0.205,32.1,71834
"Boston",2020-06-09,185,121,203,-13.3,-65.25,-23.47,-14.36,-70.65,-36.05,-3.31,-60.1,-13.92,-19.45,-75.69,-47.79,-23.42,-75.85,-48.69,-19.9,-74.39,-43.55,-15.18,-72.09,-37.07,-17.86,-71.9,-37.82,-6.99,-31.12,-65.01,0,0,0,-18.1114285714286,-80.8457142857143,-41.1942857142857,617594,"125.1",0.205,32.1,71834
"Boston",2020-06-10,204,185,121,-16.47,-69.55,-36.9,-13.3,-65.25,-23.47,-14.36,-70.65,-36.05,-3.31,-60.1,-13.92,-19.45,-75.69,-47.79,-23.42,-75.85,-48.69,-19.9,-74.39,-43.55,-15.18,-72.09,-37.07,-5.78,-28.5,-63.08,0,0,0,-17.9128571428571,-80.51,-41.0628571428571,617594,"125.1",0.205,32.1,71834
"Boston",2020-06-11,368,204,185,-13.55,-70.31,-36.86,-16.47,-69.55,-36.9,-13.3,-65.25,-23.47,-14.36,-70.65,-36.05,-3.31,-60.1,-13.92,-19.45,-75.69,-47.79,-23.42,-75.85,-48.69,-19.9,-74.39,-43.55,-12.68,-42.86,-67.87,0,0,0,-17.68,-80.2557142857143,-41.0328571428571,617594,"125.1",0.205,32.1,71834
"Boston",2020-06-12,247,368,204,-20.2,-73.37,-47.41,-13.55,-70.31,-36.86,-16.47,-69.55,-36.9,-13.3,-65.25,-23.47,-14.36,-70.65,-36.05,-3.31,-60.1,-13.92,-19.45,-75.69,-47.79,-23.42,-75.85,-48.69,-8.19,-37.21,-67.23,0,0,0,-17.7228571428571,-80.11,-41.5842857142857,617594,"125.1",0.205,32.1,71834
"Boston",2020-06-13,224,247,368,-20.62,-74.52,-53.21,-20.2,-73.37,-47.41,-13.55,-70.31,-36.86,-16.47,-69.55,-36.9,-13.3,-65.25,-23.47,-14.36,-70.65,-36.05,-3.31,-60.1,-13.92,-19.45,-75.69,-47.79,-8.92,-38.13,-68.46,0,0,1,-17.3228571428571,-79.92,-42.23,617594,"125.1",0.205,32.1,71834
"Boston",2020-06-14,143,224,247,-10.83,-66.68,-41.78,-20.62,-74.52,-53.21,-20.2,-73.37,-47.41,-13.55,-70.31,-36.86,-16.47,-69.55,-36.9,-13.3,-65.25,-23.47,-14.36,-70.65,-36.05,-3.31,-60.1,-13.92,-0.55,-35.37,-63.07,0,0,1,-16.0914285714286,-78.6328571428571,-41.3714285714286,617594,"125.1",0.205,32.1,71834
"Boston",2020-06-15,70,143,224,-3.6,-65.15,-27.82,-10.83,-66.68,-41.78,-20.62,-74.52,-53.21,-20.2,-73.37,-47.41,-13.55,-70.31,-36.86,-16.47,-69.55,-36.9,-13.3,-65.25,-23.47,-14.36,-70.65,-36.05,1.03,-25.1,-61.77,0,0,0,-16.1328571428571,-79.3542857142857,-43.3571428571429,617594,"125.1",0.205,32.1,71834
"Boston",2020-06-16,139,70,143,-6.99,-65.01,-31.12,-3.6,-65.15,-27.82,-10.83,-66.68,-41.78,-20.62,-74.52,-53.21,-20.2,-73.37,-47.41,-13.55,-70.31,-36.86,-16.47,-69.55,-36.9,-13.3,-65.25,-23.47,1.39,-19.82,-60.55,0,0,0,-15.08,-78.5485714285714,-42.6528571428571,617594,"125.1",0.205,32.1,71834
"Boston",2020-06-17,209,139,70,-5.78,-63.08,-28.5,-6.99,-65.01,-31.12,-3.6,-65.15,-27.82,-10.83,-66.68,-41.78,-20.62,-74.52,-53.21,-20.2,-73.37,-47.41,-13.55,-70.31,-36.86,-16.47,-69.55,-36.9,2.44,-21.91,-59.3,0,0,0,-14.0057142857143,-78.2385714285714,-43.3714285714286,617594,"125.1",0.205,32.1,71834
"Boston",2020-06-18,202,209,139,-12.68,-67.87,-42.86,-5.78,-63.08,-28.5,-6.99,-65.01,-31.12,-3.6,-65.15,-27.82,-10.83,-66.68,-41.78,-20.62,-74.52,-53.21,-20.2,-73.37,-47.41,-13.55,-70.31,-36.86,3.1,-26.71,-62.56,0,0,0,-13.4642857142857,-77.9985714285714,-44.2228571428571,617594,"125.1",0.205,32.1,71834
"Boston",2020-06-19,154,202,209,-8.19,-67.23,-37.21,-12.68,-67.87,-42.86,-5.78,-63.08,-28.5,-6.99,-65.01,-31.12,-3.6,-65.15,-27.82,-10.83,-66.68,-41.78,-20.62,-74.52,-53.21,-20.2,-73.37,-47.41,-0.94,-34.64,-64.65,0,0,0,-12.6985714285714,-77.5585714285714,-44.2728571428571,617594,"125.1",0.205,32.1,71834
"Boston",2020-06-20,189,154,202,-8.92,-68.46,-38.13,-8.19,-67.23,-37.21,-12.68,-67.87,-42.86,-5.78,-63.08,-28.5,-6.99,-65.01,-31.12,-3.6,-65.15,-27.82,-10.83,-66.68,-41.78,-20.62,-74.52,-53.21,-2.96,-41.45,-65.13,0,0,1,-11.0871428571429,-76.8571428571429,-42.9471428571429,617594,"125.1",0.205,32.1,71834
"Chicago",2020-06-06,842,842,1001,-2.08,-62.17,-14.27,-5.38,-70.24,-18,-6.79,-69.04,-16.23,-4.96,-67.4,-12.38,-3.52,-66.65,-10.83,-18.23,-70,-18.83,-0.64,-63.91,-6.66,-20.73,-72.92,-41.23,7.81,-15.67,-58.91,0,0,1,-8.90428571428571,-77.4757142857143,-19.7757142857143,2695598,"588.7",0.206,34.9,57238
"Chicago",2020-06-07,775,842,842,5.32,-67.13,-11.83,-2.08,-62.17,-14.27,-5.38,-70.24,-18,-6.79,-69.04,-16.23,-4.96,-67.4,-12.38,-3.52,-66.65,-10.83,-18.23,-70,-18.83,-0.64,-63.91,-6.66,12.82,-0.73,-55.89,0,0,1,-5.18285714285714,-76.6485714285714,-15.5757142857143,2695598,"588.7",0.206,34.9,57238
"Chicago",2020-06-08,681,775,842,0.91,-72.27,-18.27,5.32,-67.13,-11.83,-2.08,-62.17,-14.27,-5.38,-70.24,-18,-6.79,-69.04,-16.23,-4.96,-67.4,-12.38,-3.52,-66.65,-10.83,-18.23,-70,-18.83,19.69,7.13,-56.77,0,0,0,-4.96142857142857,-77.8428571428571,-17.2342857142857,2695598,"588.7",0.206,34.9,57238
"Chicago",2020-06-09,724,681,775,4.13,-69.49,-9.7,0.91,-72.27,-18.27,5.32,-67.13,-11.83,-2.08,-62.17,-14.27,-5.38,-70.24,-18,-6.79,-69.04,-16.23,-4.96,-67.4,-12.38,-3.52,-66.65,-10.83,10.29,-6.58,-59.15,0,0,0,-1.76714285714286,-77.77,-15.93,2695598,"588.7",0.206,34.9,57238
"Chicago",2020-06-10,536,724,681,1.15,-68.29,-11.73,4.13,-69.49,-9.7,0.91,-72.27,-18.27,5.32,-67.13,-11.83,-2.08,-62.17,-14.27,-5.38,-70.24,-18,-6.79,-69.04,-16.23,-4.96,-67.4,-12.38,12.33,-1.4,-59.34,0,0,0,-1.1,-78.0042857142857,-16.0585714285714,2695598,"588.7",0.206,34.9,57238
"Chicago",2020-06-11,672,536,724,7.44,-64.42,1.72,1.15,-68.29,-11.73,4.13,-69.49,-9.7,0.91,-72.27,-18.27,5.32,-67.13,-11.83,-2.08,-62.17,-14.27,-5.38,-70.24,-18,-6.79,-69.04,-16.23,19.71,16.61,-58.71,0,0,0,0.671428571428571,-77.5785714285714,-14.0442857142857,2695598,"588.7",0.206,34.9,57238
"Chicago",2020-06-12,522,672,536,0.49,-67,-14.42,7.44,-64.42,1.72,1.15,-68.29,-11.73,4.13,-69.49,-9.7,0.91,-72.27,-18.27,5.32,-67.13,-11.83,-2.08,-62.17,-14.27,-5.38,-70.24,-18,11.13,-3.96,-62.19,0,0,0,1.71142857142857,-77.2871428571429,-13.7857142857143,2695598,"588.7",0.206,34.9,57238
"Chicago",2020-06-13,501,522,672,7.81,-58.91,-15.67,0.49,-67,-14.42,7.44,-64.42,1.72,1.15,-68.29,-11.73,4.13,-69.49,-9.7,0.91,-72.27,-18.27,5.32,-67.13,-11.83,-2.08,-62.17,-14.27,9.56,-11.65,-59.79,0,0,1,3.59571428571429,-75.6685714285714,-13.4528571428571,2695598,"588.7",0.206,34.9,57238
"Chicago",2020-06-14,521,501,522,12.82,-55.89,-0.73,7.81,-58.91,-15.67,0.49,-67,-14.42,7.44,-64.42,1.72,1.15,-68.29,-11.73,4.13,-69.49,-9.7,0.91,-72.27,-18.27,5.32,-67.13,-11.83,20.09,9.75,-51.61,0,0,1,5.72428571428571,-74.7714285714286,-11.5185714285714,2695598,"588.7",0.206,34.9,57238
"Chicago",2020-06-15,477,521,501,19.69,-56.77,7.13,12.82,-55.89,-0.73,7.81,-58.91,-15.67,0.49,-67,-14.42,7.44,-64.42,1.72,1.15,-68.29,-11.73,4.13,-69.49,-9.7,0.91,-72.27,-18.27,23.43,11.76,-53.94,0,0,0,7.77714285714286,-73.2914285714286,-8.81,2695598,"588.7",0.206,34.9,57238
"Chicago",2020-06-16,587,477,521,10.29,-59.15,-6.58,19.69,-56.77,7.13,12.82,-55.89,-0.73,7.81,-58.91,-15.67,0.49,-67,-14.42,7.44,-64.42,1.72,1.15,-68.29,-11.73,4.13,-69.49,-9.7,25.33,21.16,-52.42,0,0,0,9.11714285714286,-71.4171428571429,-7.14,2695598,"588.7",0.206,34.9,57238
"Chicago",2020-06-17,459,587,477,12.33,-59.34,-1.4,10.29,-59.15,-6.58,19.69,-56.77,7.13,12.82,-55.89,-0.73,7.81,-58.91,-15.67,0.49,-67,-14.42,7.44,-64.42,1.72,1.15,-68.29,-11.73,23.61,21.61,-53.31,0,0,0,10.2885714285714,-69.9671428571429,-5.95428571428571,2695598,"588.7",0.206,34.9,57238
"Chicago",2020-06-18,623,459,587,19.71,-58.71,16.61,12.33,-59.34,-1.4,10.29,-59.15,-6.58,19.69,-56.77,7.13,12.82,-55.89,-0.73,7.81,-58.91,-15.67,0.49,-67,-14.42,7.44,-64.42,1.72,26.38,23.59,-54.62,0,0,0,12.94,-68.5985714285714,-1.90571428571429,2695598,"588.7",0.206,34.9,57238
"Chicago",2020-06-19,592,623,459,11.13,-62.19,-3.96,19.71,-58.71,16.61,12.33,-59.34,-1.4,10.29,-59.15,-6.58,19.69,-56.77,7.13,12.82,-55.89,-0.73,7.81,-58.91,-15.67,0.49,-67,-14.42,22.47,15.68,-56.61,0,0,0,13.4671428571429,-68.28,-2.71714285714286,2695598,"588.7",0.206,34.9,57238
"Chicago",2020-06-20,547,592,623,9.56,-59.79,-11.65,11.13,-62.19,-3.96,19.71,-58.71,16.61,12.33,-59.34,-1.4,10.29,-59.15,-6.58,19.69,-56.77,7.13,12.82,-55.89,-0.73,7.81,-58.91,-15.67,10.44,-12.63,-59.36,0,0,1,14.7628571428571,-67.25,-2.32142857142857,2695598,"588.7",0.206,34.9,57238
"Cleveland",2020-06-06,56,56,73,20.94,-23.91,32.74,15.86,-41.2,27.57,28.43,-42.93,58.86,34.24,-36.99,79.93,31.01,-41.27,69.69,5.5,-44.57,34.03,34.85,-22.49,80.71,12.27,-29.96,14.32,27.99,33.86,-21.73,0,0,1,26.1571428571429,-40.4742857142857,56.8357142857143,383781,"213.6",0.352,36.3,29953
"Cleveland",2020-06-07,53,56,56,34.52,-24.27,62.14,20.94,-23.91,32.74,15.86,-41.2,27.57,28.43,-42.93,58.86,34.24,-36.99,79.93,31.01,-41.27,69.69,5.5,-44.57,34.03,34.85,-22.49,80.71,46.58,76.29,-15.15,0,0,1,29.3357142857143,-39.6614285714286,63.6671428571429,383781,"213.6",0.352,36.3,29953
"Cleveland",2020-06-08,68,53,56,38.89,-39.54,63.46,34.52,-24.27,62.14,20.94,-23.91,32.74,15.86,-41.2,27.57,28.43,-42.93,58.86,34.24,-36.99,79.93,31.01,-41.27,69.69,5.5,-44.57,34.03,43.84,72.67,-34.93,0,0,0,29.9128571428571,-42.0971428571429,61.2028571428571,383781,"213.6",0.352,36.3,29953
"Cleveland",2020-06-09,40,68,53,35.39,-41.55,68.91,38.89,-39.54,63.46,34.52,-24.27,62.14,20.94,-23.91,32.74,15.86,-41.2,27.57,28.43,-42.93,58.86,34.24,-36.99,79.93,31.01,-41.27,69.69,45.92,71.94,-39.56,0,0,0,34.1828571428571,-41.6657142857143,66.1857142857143,383781,"213.6",0.352,36.3,29953
"Cleveland",2020-06-10,91,40,68,34.78,-40.32,70.57,35.39,-41.55,68.91,38.89,-39.54,63.46,34.52,-24.27,62.14,20.94,-23.91,32.74,15.86,-41.2,27.57,28.43,-42.93,58.86,34.24,-36.99,79.93,42,72,-33.91,0,0,0,34.7214285714286,-41.53,66.3114285714286,383781,"213.6",0.352,36.3,29953
"Cleveland",2020-06-11,61,91,40,34.59,-37.85,58.36,34.78,-40.32,70.57,35.39,-41.55,68.91,38.89,-39.54,63.46,34.52,-24.27,62.14,20.94,-23.91,32.74,15.86,-41.2,27.57,28.43,-42.93,58.86,47.64,76.75,-35.37,0,0,0,34.7714285714286,-41.6528571428571,63.23,383781,"213.6",0.352,36.3,29953
"Cleveland",2020-06-12,71,61,91,30.18,-34.63,41.85,34.59,-37.85,58.36,34.78,-40.32,70.57,35.39,-41.55,68.91,38.89,-39.54,63.46,34.52,-24.27,62.14,20.94,-23.91,32.74,15.86,-41.2,27.57,38.64,57.24,-35.5,0,0,0,35.0214285714286,-40.4671428571429,60.8,383781,"213.6",0.352,36.3,29953
"Cleveland",2020-06-13,40,71,61,27.99,-21.73,33.86,30.18,-34.63,41.85,34.59,-37.85,58.36,34.78,-40.32,70.57,35.39,-41.55,68.91,38.89,-39.54,63.46,34.52,-24.27,62.14,20.94,-23.91,32.74,32.6,33.05,-16.94,0,0,1,36.7542857142857,-37.6857142857143,61.6985714285714,383781,"213.6",0.352,36.3,29953
"Cleveland",2020-06-14,44,40,71,46.58,-15.15,76.29,27.99,-21.73,33.86,30.18,-34.63,41.85,34.59,-37.85,58.36,34.78,-40.32,70.57,35.39,-41.55,68.91,38.89,-39.54,63.46,34.52,-24.27,62.14,54.81,83.9,-16.97,0,0,1,40.4171428571429,-36.4342857142857,67.92,383781,"213.6",0.352,36.3,29953
"Cleveland",2020-06-15,60,44,40,43.84,-34.93,72.67,46.58,-15.15,76.29,27.99,-21.73,33.86,30.18,-34.63,41.85,34.59,-37.85,58.36,34.78,-40.32,70.57,35.39,-41.55,68.91,38.89,-39.54,63.46,49.23,68.99,-36.05,0,0,0,41.7485714285714,-37.9571428571429,69.4242857142857,383781,"213.6",0.352,36.3,29953
"Cleveland",2020-06-16,63,60,44,45.92,-39.56,71.94,43.84,-34.93,72.67,46.58,-15.15,76.29,27.99,-21.73,33.86,30.18,-34.63,41.85,34.59,-37.85,58.36,34.78,-40.32,70.57,35.39,-41.55,68.91,53.23,87.34,-36.35,0,0,0,42.7528571428571,-37.96,70.6357142857143,383781,"213.6",0.352,36.3,29953
"Cleveland",2020-06-17,80,63,60,42,-33.91,72,45.92,-39.56,71.94,43.84,-34.93,72.67,46.58,-15.15,76.29,27.99,-21.73,33.86,30.18,-34.63,41.85,34.59,-37.85,58.36,34.78,-40.32,70.57,54.06,88.47,-38.08,0,0,0,43.6971428571429,-36.8685714285714,71.0771428571429,383781,"213.6",0.352,36.3,29953
"Cleveland",2020-06-18,85,80,63,47.64,-35.37,76.75,42,-33.91,72,45.92,-39.56,71.94,43.84,-34.93,72.67,46.58,-15.15,76.29,27.99,-21.73,33.86,30.18,-34.63,41.85,34.59,-37.85,58.36,53.5,78.9,-38.51,0,0,0,45.5342857142857,-36.1614285714286,71.96,383781,"213.6",0.352,36.3,29953
"Cleveland",2020-06-19,88,85,80,38.64,-35.5,57.24,47.64,-35.37,76.75,42,-33.91,72,45.92,-39.56,71.94,43.84,-34.93,72.67,46.58,-15.15,76.29,27.99,-21.73,33.86,30.18,-34.63,41.85,47.78,62.82,-34.8,0,0,0,46.1128571428571,-35.8257142857143,71.8,383781,"213.6",0.352,36.3,29953
"Cleveland",2020-06-20,89,88,85,32.6,-16.94,33.05,38.64,-35.5,57.24,47.64,-35.37,76.75,42,-33.91,72,45.92,-39.56,71.94,43.84,-34.93,72.67,46.58,-15.15,76.29,27.99,-21.73,33.86,44.47,46.32,-18.5,0,0,1,46.4585714285714,-33.2985714285714,70.5428571428571,383781,"213.6",0.352,36.3,29953
"Denver",2020-06-06,142,142,198,-7.73,-51.69,-17.11,-6.08,-50.95,-9.11,-6.04,-51.83,2.43,-2.82,-54.09,2.72,-3.45,-52.93,4.95,-16.82,-60.56,-2.36,-10.29,-57.16,-24.86,-13.26,-54.18,-30.2,-5.09,-19.77,-50.21,0,0,1,-9.49857142857143,-61.9128571428571,-10.5057142857143,600158,"397",0.151,34.6,68377
"Denver",2020-06-07,69,142,142,6.16,-43.6,2.08,-7.73,-51.69,-17.11,-6.08,-50.95,-9.11,-6.04,-51.83,2.43,-2.82,-54.09,2.72,-3.45,-52.93,4.95,-16.82,-60.56,-2.36,-10.29,-57.16,-24.86,15.67,10.75,-42.28,0,0,1,-6.72428571428571,-60.4014285714286,-5.89428571428571,600158,"397",0.151,34.6,68377
"Denver",2020-06-08,103,69,142,4.71,-47.31,24.67,6.16,-43.6,2.08,-7.73,-51.69,-17.11,-6.08,-50.95,-9.11,-6.04,-51.83,2.43,-2.82,-54.09,2.72,-3.45,-52.93,4.95,-16.82,-60.56,-2.36,9.12,21.94,-45.41,0,0,0,-4.58142857142857,-58.9942857142857,1.18142857142857,600158,"397",0.151,34.6,68377
"Denver",2020-06-09,108,103,69,0.64,-50.54,15.56,4.71,-47.31,24.67,6.16,-43.6,2.08,-7.73,-51.69,-17.11,-6.08,-50.95,-9.11,-6.04,-51.83,2.43,-2.82,-54.09,2.72,-3.45,-52.93,4.95,3.2,10.19,-50.99,0,0,0,-2.08714285714286,-57.5628571428571,3.74142857142857,600158,"397",0.151,34.6,68377
"Denver",2020-06-10,97,108,103,4.49,-49.82,9.26,0.64,-50.54,15.56,4.71,-47.31,24.67,6.16,-43.6,2.08,-7.73,-51.69,-17.11,-6.08,-50.95,-9.11,-6.04,-51.83,2.43,-2.82,-54.09,2.72,11.32,17.53,-46.35,0,0,0,-0.952857142857143,-57.1185714285714,4.35714285714286,600158,"397",0.151,34.6,68377
"Denver",2020-06-11,82,97,108,-1.14,-53.37,4.58,4.49,-49.82,9.26,0.64,-50.54,15.56,4.71,-47.31,24.67,6.16,-43.6,2.08,-7.73,-51.69,-17.11,-6.08,-50.95,-9.11,-6.04,-51.83,2.43,6.73,15.02,-47.5,0,0,0,-0.712857142857143,-57.0157142857143,4.62285714285714,600158,"397",0.151,34.6,68377
"Denver",2020-06-12,114,82,97,-0.93,-51.79,-5.02,-1.14,-53.37,4.58,4.49,-49.82,9.26,0.64,-50.54,15.56,4.71,-47.31,24.67,6.16,-43.6,2.08,-7.73,-51.69,-17.11,-6.08,-50.95,-9.11,6.15,1.81,-46.42,0,0,0,0.0171428571428571,-57.01,3.55857142857143,600158,"397",0.151,34.6,68377
"Denver",2020-06-13,129,114,82,-5.09,-50.21,-19.77,-0.93,-51.79,-5.02,-1.14,-53.37,4.58,4.49,-49.82,9.26,0.64,-50.54,15.56,4.71,-47.31,24.67,6.16,-43.6,2.08,-7.73,-51.69,-17.11,2.95,-10.11,-45.72,0,0,1,0.158571428571429,-56.9042857142857,2.03571428571429,600158,"397",0.151,34.6,68377
"Denver",2020-06-14,65,129,114,15.67,-42.28,10.75,-5.09,-50.21,-19.77,-0.93,-51.79,-5.02,-1.14,-53.37,4.58,4.49,-49.82,9.26,0.64,-50.54,15.56,4.71,-47.31,24.67,6.16,-43.6,2.08,20.32,11.26,-38.66,0,0,1,3.50142857142857,-55.56,6.01571428571429,600158,"397",0.151,34.6,68377
"Denver",2020-06-15,92,65,129,9.12,-45.41,21.94,15.67,-42.28,10.75,-5.09,-50.21,-19.77,-0.93,-51.79,-5.02,-1.14,-53.37,4.58,4.49,-49.82,9.26,0.64,-50.54,15.56,4.71,-47.31,24.67,15.67,29.39,-41.17,0,0,0,3.92428571428571,-55.8185714285714,8.85285714285714,600158,"397",0.151,34.6,68377
"Denver",2020-06-16,67,92,65,3.2,-50.99,10.19,9.12,-45.41,21.94,15.67,-42.28,10.75,-5.09,-50.21,-19.77,-0.93,-51.79,-5.02,-1.14,-53.37,4.58,4.49,-49.82,9.26,0.64,-50.54,15.56,14.2,23.38,-44.87,0,0,0,3.70857142857143,-56.3442857142857,6.78428571428571,600158,"397",0.151,34.6,68377
"Denver",2020-06-17,118,67,92,11.32,-46.35,17.53,3.2,-50.99,10.19,9.12,-45.41,21.94,15.67,-42.28,10.75,-5.09,-50.21,-19.77,-0.93,-51.79,-5.02,-1.14,-53.37,4.58,4.49,-49.82,9.26,16.2,18.86,-46.79,0,0,0,5.23428571428571,-55.7457142857143,7.06571428571429,600158,"397",0.151,34.6,68377
"Denver",2020-06-18,126,118,67,6.73,-47.5,15.02,11.32,-46.35,17.53,3.2,-50.99,10.19,9.12,-45.41,21.94,15.67,-42.28,10.75,-5.09,-50.21,-19.77,-0.93,-51.79,-5.02,-1.14,-53.37,4.58,8.68,12.92,-47.69,0,0,0,5.55428571428571,-55.4142857142857,7.88857142857143,600158,"397",0.151,34.6,68377
"Denver",2020-06-19,148,126,118,6.15,-46.42,1.81,6.73,-47.5,15.02,11.32,-46.35,17.53,3.2,-50.99,10.19,9.12,-45.41,21.94,15.67,-42.28,10.75,-5.09,-50.21,-19.77,-0.93,-51.79,-5.02,6.91,0.83,-46.75,0,0,0,6.59571428571429,-54.4214285714286,7.49285714285714,600158,"397",0.151,34.6,68377
"Denver",2020-06-20,89,148,126,2.95,-45.72,-10.11,6.15,-46.42,1.81,6.73,-47.5,15.02,11.32,-46.35,17.53,3.2,-50.99,10.19,9.12,-45.41,21.94,15.67,-42.28,10.75,-5.09,-50.21,-19.77,10.86,-4.32,-40.75,0,0,1,7.15,-53.5542857142857,6.76571428571429,600158,"397",0.151,34.6,68377
"Houston",2020-06-06,552,552,466,1.36,-32.26,0.54,1.45,-36.28,22.44,0.07,-38.28,20.47,1.68,-41.86,20.45,-2.56,-42.21,14.58,-16.65,-48.14,1.57,-2.79,-38.05,-2.02,-9,-36.89,-5.62,7.24,2.72,-29.78,0,0,1,-3.77714285714286,-44.8528571428571,10.3442857142857,2100263,"1,651.10",0.212,33.1,51203
"Houston",2020-06-07,207,552,552,4.64,-33.51,0.6,1.36,-32.26,0.54,1.45,-36.28,22.44,0.07,-38.28,20.47,1.68,-41.86,20.45,-2.56,-42.21,14.58,-16.65,-48.14,1.57,-2.79,-38.05,-2.02,16.7,14.59,-22.23,0,0,1,-1.82857142857143,-44.37,11.2328571428571,2100263,"1,651.10",0.212,33.1,51203
"Houston",2020-06-08,402,207,552,4.99,-37.69,29.65,4.64,-33.51,0.6,1.36,-32.26,0.54,1.45,-36.28,22.44,0.07,-38.28,20.47,1.68,-41.86,20.45,-2.56,-42.21,14.58,-16.65,-48.14,1.57,10.48,27.57,-34.51,0,0,0,-0.717142857142857,-44.3185714285714,15.7571428571429,2100263,"1,651.10",0.212,33.1,51203
"Houston",2020-06-09,505,402,207,9.25,-29.35,70.36,4.99,-37.69,29.65,4.64,-33.51,0.6,1.36,-32.26,0.54,1.45,-36.28,22.44,0.07,-38.28,20.47,1.68,-41.86,20.45,-2.56,-42.21,14.58,8.38,21.92,-37.65,0,0,0,2.98285714285714,-41.6342857142857,25.5842857142857,2100263,"1,651.10",0.212,33.1,51203
"Houston",2020-06-10,492,505,402,6.26,-35.4,26.75,9.25,-29.35,70.36,4.99,-37.69,29.65,4.64,-33.51,0.6,1.36,-32.26,0.54,1.45,-36.28,22.44,0.07,-38.28,20.47,1.68,-41.86,20.45,14.33,33.96,-32.79,0,0,0,4.24285714285714,-40.6614285714286,27.3228571428571,2100263,"1,651.10",0.212,33.1,51203
"Houston",2020-06-11,427,492,505,7.14,-31.93,25.12,6.26,-35.4,26.75,9.25,-29.35,70.36,4.99,-37.69,29.65,4.64,-33.51,0.6,1.36,-32.26,0.54,1.45,-36.28,22.44,0.07,-38.28,20.47,11.21,28.94,-32.63,0,0,0,5.02285714285714,-39.2428571428571,27.99,2100263,"1,651.10",0.212,33.1,51203
"Houston",2020-06-12,540,427,492,6.14,-33.92,17.62,7.14,-31.93,25.12,6.26,-35.4,26.75,9.25,-29.35,70.36,4.99,-37.69,29.65,4.64,-33.51,0.6,1.36,-32.26,0.54,1.45,-36.28,22.44,8.71,23.82,-33.16,0,0,0,5.89,-38.62,27.5828571428571,2100263,"1,651.10",0.212,33.1,51203
"Houston",2020-06-13,490,540,427,7.24,-29.78,2.72,6.14,-33.92,17.62,7.14,-31.93,25.12,6.26,-35.4,26.75,9.25,-29.35,70.36,4.99,-37.69,29.65,4.64,-33.51,0.6,1.36,-32.26,0.54,9.72,10.46,-31.16,0,0,1,6.71714285714286,-37.6914285714286,24.7657142857143,2100263,"1,651.10",0.212,33.1,51203
"Houston",2020-06-14,277,490,540,16.7,-22.23,14.59,7.24,-29.78,2.72,6.14,-33.92,17.62,7.14,-31.93,25.12,6.26,-35.4,26.75,9.25,-29.35,70.36,4.99,-37.69,29.65,4.64,-33.51,0.6,20.36,17.07,-24.11,0,0,1,8.90857142857143,-36.2585714285714,26.7728571428571,2100263,"1,651.10",0.212,33.1,51203
"Houston",2020-06-15,668,277,490,10.48,-34.51,27.57,16.7,-22.23,14.59,7.24,-29.78,2.72,6.14,-33.92,17.62,7.14,-31.93,25.12,6.26,-35.4,26.75,9.25,-29.35,70.36,4.99,-37.69,29.65,13.49,33.55,-34.57,0,0,0,9.74285714285714,-36.4014285714286,30.6257142857143,2100263,"1,651.10",0.212,33.1,51203
"Houston",2020-06-16,980,668,277,8.38,-37.65,21.92,10.48,-34.51,27.57,16.7,-22.23,14.59,7.24,-29.78,2.72,6.14,-33.92,17.62,7.14,-31.93,25.12,6.26,-35.4,26.75,9.25,-29.35,70.36,10.45,23.28,-35.55,0,0,0,10.2271428571429,-36.3957142857143,29.5214285714286,2100263,"1,651.10",0.212,33.1,51203
"Houston",2020-06-17,857,980,668,14.33,-32.79,33.96,8.38,-37.65,21.92,10.48,-34.51,27.57,16.7,-22.23,14.59,7.24,-29.78,2.72,6.14,-33.92,17.62,7.14,-31.93,25.12,6.26,-35.4,26.75,14.72,34.91,-33.33,0,0,0,10.9528571428571,-36.8871428571429,24.3214285714286,2100263,"1,651.10",0.212,33.1,51203
"Houston",2020-06-18,605,857,980,11.21,-32.63,28.94,14.33,-32.79,33.96,8.38,-37.65,21.92,10.48,-34.51,27.57,16.7,-22.23,14.59,7.24,-29.78,2.72,6.14,-33.92,17.62,7.14,-31.93,25.12,10.8,27.55,-33.75,0,0,0,11.66,-36.4914285714286,24.6342857142857,2100263,"1,651.10",0.212,33.1,51203
"Houston",2020-06-19,1601,605,857,8.71,-33.16,23.82,11.21,-32.63,28.94,14.33,-32.79,33.96,8.38,-37.65,21.92,10.48,-34.51,27.57,16.7,-22.23,14.59,7.24,-29.78,2.72,6.14,-33.92,17.62,9.96,21.41,-35.28,0,0,0,11.8842857142857,-36.6671428571429,24.4485714285714,2100263,"1,651.10",0.212,33.1,51203
"Houston",2020-06-20,1424,1601,605,9.72,-31.16,10.46,8.71,-33.16,23.82,11.21,-32.63,28.94,14.33,-32.79,33.96,8.38,-37.65,21.92,10.48,-34.51,27.57,16.7,-22.23,14.59,7.24,-29.78,2.72,6.27,2.63,-33.43,0,0,1,12.3957142857143,-36.2728571428571,23.4257142857143,2100263,"1,651.10",0.212,33.1,51203
"Indianapolis",2020-06-06,129,129,125,18.32,-29.28,21.43,19.18,-30.15,36.69,23.09,-34.55,53.07,23.25,-31.28,55.35,25.85,-33.93,60.01,1.74,-41.57,33,21.44,-23.01,33.93,4.36,-35.12,-7.11,27.69,13.16,-24.81,0,0,1,19.6042857142857,-36.9842857142857,40.91,820445,"936.3",0.201,34.3,47678
"Indianapolis",2020-06-07,72,129,129,20.68,-31.06,32.17,18.32,-29.28,21.43,19.18,-30.15,36.69,23.09,-34.55,53.07,23.25,-31.28,55.35,25.85,-33.93,60.01,1.74,-41.57,33,21.44,-23.01,33.93,37.32,39.53,-24.17,0,0,1,21.9357142857143,-36.4042857142857,46.5214285714286,820445,"936.3",0.201,34.3,47678
"Indianapolis",2020-06-08,54,72,129,28.32,-35.12,52.11,20.68,-31.06,32.17,18.32,-29.28,21.43,19.18,-30.15,36.69,23.09,-34.55,53.07,23.25,-31.28,55.35,25.85,-33.93,60.01,1.74,-41.57,33,37.55,57.05,-25.77,0,0,0,22.9185714285714,-38.1342857142857,49.1185714285714,820445,"936.3",0.201,34.3,47678
"Indianapolis",2020-06-09,132,54,72,30.77,-33.61,58.54,28.32,-35.12,52.11,20.68,-31.06,32.17,18.32,-29.28,21.43,19.18,-30.15,36.69,23.09,-34.55,53.07,23.25,-31.28,55.35,25.85,-33.93,60.01,30.93,51.84,-33.54,0,0,0,27.0657142857143,-36.9971428571429,52.7671428571429,820445,"936.3",0.201,34.3,47678
"Indianapolis",2020-06-10,71,132,54,24.25,-32.02,51.59,30.77,-33.61,58.54,28.32,-35.12,52.11,20.68,-31.06,32.17,18.32,-29.28,21.43,19.18,-30.15,36.69,23.09,-34.55,53.07,23.25,-31.28,55.35,33.9,55.06,-28.09,0,0,0,26.8371428571429,-36.7242857142857,51.5642857142857,820445,"936.3",0.201,34.3,47678
"Indianapolis",2020-06-11,63,71,132,29.59,-29.56,58.91,24.25,-32.02,51.59,30.77,-33.61,58.54,28.32,-35.12,52.11,20.68,-31.06,32.17,18.32,-29.28,21.43,19.18,-30.15,36.69,23.09,-34.55,53.07,41.98,75.53,-25.67,0,0,0,27.7428571428571,-36.4785714285714,52.0728571428571,820445,"936.3",0.201,34.3,47678
"Indianapolis",2020-06-12,129,63,71,25.36,-24.45,23.17,29.59,-29.56,58.91,24.25,-32.02,51.59,30.77,-33.61,58.54,28.32,-35.12,52.11,20.68,-31.06,32.17,18.32,-29.28,21.43,19.18,-30.15,36.69,33.77,41.55,-25.37,0,0,0,28.0671428571429,-35.0357142857143,47.8014285714286,820445,"936.3",0.201,34.3,47678
"Indianapolis",2020-06-13,69,129,63,27.69,-24.81,13.16,25.36,-24.45,23.17,29.59,-29.56,58.91,24.25,-32.02,51.59,30.77,-33.61,58.54,28.32,-35.12,52.11,20.68,-31.06,32.17,18.32,-29.28,21.43,27.93,11.98,-23.89,0,0,1,29.2828571428571,-34.2728571428571,44.44,820445,"936.3",0.201,34.3,47678
"Indianapolis",2020-06-14,78,69,129,37.32,-24.17,39.53,27.69,-24.81,13.16,25.36,-24.45,23.17,29.59,-29.56,58.91,24.25,-32.02,51.59,30.77,-33.61,58.54,28.32,-35.12,52.11,20.68,-31.06,32.17,44.43,54.51,-21.97,0,0,1,31.9971428571429,-33.5428571428571,47.0257142857143,820445,"936.3",0.201,34.3,47678
"Indianapolis",2020-06-15,252,78,69,37.55,-25.77,57.05,37.32,-24.17,39.53,27.69,-24.81,13.16,25.36,-24.45,23.17,29.59,-29.56,58.91,24.25,-32.02,51.59,30.77,-33.61,58.54,28.32,-35.12,52.11,44.34,67.97,-25.8,0,0,0,34.4071428571429,-32.7871428571429,50.58,820445,"936.3",0.201,34.3,47678
"Indianapolis",2020-06-16,61,252,78,30.93,-33.54,51.84,37.55,-25.77,57.05,37.32,-24.17,39.53,27.69,-24.81,13.16,25.36,-24.45,23.17,29.59,-29.56,58.91,24.25,-32.02,51.59,30.77,-33.61,58.54,41.07,75.2,-29.06,0,0,0,34.78,-32.5614285714286,50.5414285714286,820445,"936.3",0.201,34.3,47678
"Indianapolis",2020-06-17,50,61,252,33.9,-28.09,55.06,30.93,-33.54,51.84,37.55,-25.77,57.05,37.32,-24.17,39.53,27.69,-24.81,13.16,25.36,-24.45,23.17,29.59,-29.56,58.91,24.25,-32.02,51.59,43.92,72.69,-23.29,0,0,0,35.2271428571429,-31.7728571428571,50.0442857142857,820445,"936.3",0.201,34.3,47678
"Indianapolis",2020-06-18,0,50,61,41.98,-25.67,75.53,33.9,-28.09,55.06,30.93,-33.54,51.84,37.55,-25.77,57.05,37.32,-24.17,39.53,27.69,-24.81,13.16,25.36,-24.45,23.17,29.59,-29.56,58.91,48.06,77.36,-21.24,0,0,0,37.76,-30.8657142857143,53.4642857142857,820445,"936.3",0.201,34.3,47678
"Indianapolis",2020-06-19,62,0,50,33.77,-25.37,41.55,41.98,-25.67,75.53,33.9,-28.09,55.06,30.93,-33.54,51.84,37.55,-25.77,57.05,37.32,-24.17,39.53,27.69,-24.81,13.16,25.36,-24.45,23.17,44.28,52.48,-22.47,0,0,0,38.3571428571429,-30.2671428571429,50.9842857142857,820445,"936.3",0.201,34.3,47678
"Indianapolis",2020-06-20,53,62,0,27.93,-23.89,11.98,33.77,-25.37,41.55,41.98,-25.67,75.53,33.9,-28.09,55.06,30.93,-33.54,51.84,37.55,-25.77,57.05,37.32,-24.17,39.53,27.69,-24.81,13.16,36.71,19.86,-15.7,0,0,1,38.7242857142857,-30.1871428571429,49.3857142857143,820445,"936.3",0.201,34.3,47678
"London",2020-06-06,14,23,19,-40.32,-75.82,-63.83,-37.3,-74.83,-64.11,-35.66,-74.02,-63.99,-38.87,-74.5,-64.8,-36.39,-72.66,-61.65,-36.44,-71.57,-51.08,-43.18,-76.31,-56.8,-50.86,-81.31,-72.89,-45.43,-73.28,-76.03,0,0,1,-45.5742857142857,-85.86,-71.3071428571428,8787892,"1572.147146",0.28,35.3,56273.38129
"London",2020-06-08,30,14,23,-32.53,-68.97,-56.78,-34.04,-70.33,-53.33,-40.32,-75.82,-63.83,-37.3,-74.83,-64.11,-35.66,-74.02,-63.99,-38.87,-74.5,-64.8,-36.39,-72.66,-61.65,-36.44,-71.57,-51.08,-34.59,-60.82,-70.1,0,0,0,-41.65,-83.2428571428571,-68.51,8787892,"1572.147146",0.28,35.3,56273.38129
"London",2020-06-09,27,30,14,-32.58,-69.6,-58.68,-32.53,-68.97,-56.78,-34.04,-70.33,-53.33,-40.32,-75.82,-63.83,-37.3,-74.83,-64.11,-35.66,-74.02,-63.99,-38.87,-74.5,-64.8,-36.39,-72.66,-61.65,-33.31,-60.58,-70.29,0,0,0,-41.0985714285714,-82.9614285714286,-69.5957142857143,8787892,"1572.147146",0.28,35.3,56273.38129
"London",2020-06-10,28,27,30,-39.75,-71.79,-67.47,-32.58,-69.6,-58.68,-32.53,-68.97,-56.78,-34.04,-70.33,-53.33,-40.32,-75.82,-63.83,-37.3,-74.83,-64.11,-35.66,-74.02,-63.99,-38.87,-74.5,-64.8,-39.76,-71.08,-72.84,0,0,0,-41.5785714285714,-82.8371428571429,-70.4271428571429,8787892,"1572.147146",0.28,35.3,56273.38129
"London",2020-06-11,16,28,27,-39.77,-74.01,-68.88,-39.75,-71.79,-67.47,-32.58,-69.6,-58.68,-32.53,-68.97,-56.78,-34.04,-70.33,-53.33,-40.32,-75.82,-63.83,-37.3,-74.83,-64.11,-35.66,-74.02,-63.99,-38.43,-68.81,-72.93,0,0,0,-41.7071428571429,-82.7671428571429,-71.01,8787892,"1572.147146",0.28,35.3,56273.38129
"London",2020-06-12,15,16,28,-40.1,-74.72,-69.78,-39.77,-74.01,-68.88,-39.75,-71.79,-67.47,-32.58,-69.6,-58.68,-32.53,-68.97,-56.78,-34.04,-70.33,-53.33,-40.32,-75.82,-63.83,-37.3,-74.83,-64.11,-36.9,-68.09,-72.21,0,0,0,-42.3414285714286,-82.8671428571429,-71.8371428571429,8787892,"1572.147146",0.28,35.3,56273.38129
"London",2020-06-13,7,15,16,-45.43,-76.03,-73.28,-40.1,-74.72,-69.78,-39.77,-74.01,-68.88,-39.75,-71.79,-67.47,-32.58,-69.6,-58.68,-32.53,-68.97,-56.78,-34.04,-70.33,-53.33,-40.32,-75.82,-63.83,-32.68,-60.65,-71.67,0,0,1,-43.5028571428571,-83.0385714285714,-73.1471428571429,8787892,"1572.147146",0.28,35.3,56273.38129
"London",2020-06-14,14,7,15,-37.76,-70.54,-59.68,-45.43,-76.03,-73.28,-40.1,-74.72,-69.78,-39.77,-74.01,-68.88,-39.75,-71.79,-67.47,-32.58,-69.6,-58.68,-32.53,-68.97,-56.78,-34.04,-70.33,-53.33,-29.33,-52.5,-66.7,0,0,1,-43.1371428571429,-82.2842857142857,-72.5542857142857,8787892,"1572.147146",0.28,35.3,56273.38129
"London",2020-06-15,8,14,7,-34.59,-70.1,-60.82,-37.76,-70.54,-59.68,-45.43,-76.03,-73.28,-40.1,-74.72,-69.78,-39.77,-74.01,-68.88,-39.75,-71.79,-67.47,-32.58,-69.6,-58.68,-32.53,-68.97,-56.78,-27.68,-53.97,-64.99,0,0,0,-43.2157142857143,-82.2514285714286,-73.6242857142857,8787892,"1572.147146",0.28,35.3,56273.38129
"London",2020-06-16,12,8,14,-33.31,-70.29,-60.58,-34.59,-70.1,-60.82,-37.76,-70.54,-59.68,-45.43,-76.03,-73.28,-40.1,-74.72,-69.78,-39.77,-74.01,-68.88,-39.75,-71.79,-67.47,-32.58,-69.6,-58.68,-29.2,-58.48,-66.92,0,0,0,-43.3271428571429,-82.44,-74.1671428571428,8787892,"1572.147146",0.28,35.3,56273.38129
"London",2020-06-17,0,12,8,-39.76,-72.84,-71.08,-33.31,-70.29,-60.58,-34.59,-70.1,-60.82,-37.76,-70.54,-59.68,-45.43,-76.03,-73.28,-40.1,-74.72,-69.78,-39.77,-74.01,-68.88,-39.75,-71.79,-67.47,-33.38,-66.05,-69.09,0,0,0,-44.3528571428571,-82.9028571428571,-75.9385714285714,8787892,"1572.147146",0.28,35.3,56273.38129
"Los Angeles",2020-06-06,1492,1492,1648,-25.35,-62.1,-31.29,-25.45,-66.97,-29.08,-25.41,-68.67,-21.59,-23.02,-66.61,-19.81,-23.79,-67.28,-21.79,-30.65,-70.14,-26.36,-17.53,-62.84,-23.99,-29.74,-67.17,-39.29,-25.07,-33.3,-62.58,0,0,1,-28.7057142857143,-75.9685714285714,-30.4571428571429,3792621,"1,213.90",0.204,35.8,62474
"Los Angeles",2020-06-07,1691,1492,1492,-23.78,-61.84,-28.23,-25.35,-62.1,-31.29,-25.45,-66.97,-29.08,-25.41,-68.67,-21.59,-23.02,-66.61,-19.81,-23.79,-67.28,-21.79,-30.65,-70.14,-26.36,-17.53,-62.84,-23.99,-12.79,-13.2,-54.27,0,0,1,-27.8542857142857,-75.2071428571429,-28.8771428571429,3792621,"1,213.90",0.204,35.8,62474
"Los Angeles",2020-06-08,867,1691,1492,-27.54,-67.62,-29.63,-23.78,-61.84,-28.23,-25.35,-62.1,-31.29,-25.45,-66.97,-29.08,-25.41,-68.67,-21.59,-23.02,-66.61,-19.81,-23.79,-67.28,-21.79,-30.65,-70.14,-26.36,-13.56,-14.33,-58.77,0,0,0,-29.2842857142857,-75.89,-29.6828571428571,3792621,"1,213.90",0.204,35.8,62474
"Los Angeles",2020-06-09,1321,867,1691,-29.37,-68.74,-24.35,-27.54,-67.62,-29.63,-23.78,-61.84,-28.23,-25.35,-62.1,-31.29,-25.45,-66.97,-29.08,-25.41,-68.67,-21.59,-23.02,-66.61,-19.81,-23.79,-67.28,-21.79,-14.29,-11.09,-61.63,0,0,0,-29.1014285714286,-75.69,-29.3957142857143,3792621,"1,213.90",0.204,35.8,62474
"Los Angeles",2020-06-10,1447,1321,867,-23.84,-66.78,-17.19,-29.37,-68.74,-24.35,-27.54,-67.62,-29.63,-23.78,-61.84,-28.23,-25.35,-62.1,-31.29,-25.45,-66.97,-29.08,-25.41,-68.67,-21.59,-23.02,-66.61,-19.81,-12.85,-10.77,-60.45,0,0,0,-29.1085714285714,-75.6185714285714,-28.7385714285714,3792621,"1,213.90",0.204,35.8,62474
"Los Angeles",2020-06-11,2042,1447,1321,-25.49,-68.03,-22.45,-23.84,-66.78,-17.19,-29.37,-68.74,-24.35,-27.54,-67.62,-29.63,-23.78,-61.84,-28.23,-25.35,-62.1,-31.29,-25.45,-66.97,-29.08,-25.41,-68.67,-21.59,-15.04,-12.21,-62.12,0,0,0,-29.4614285714286,-75.8214285714286,-29.1157142857143,3792621,"1,213.90",0.204,35.8,62474
"Los Angeles",2020-06-12,1683,2042,1447,-25.02,-67.04,-27.33,-25.49,-68.03,-22.45,-23.84,-66.78,-17.19,-29.37,-68.74,-24.35,-27.54,-67.62,-29.63,-23.78,-61.84,-28.23,-25.35,-62.1,-31.29,-25.45,-66.97,-29.08,-13.61,-16.56,-61.15,0,0,0,-29.4057142857143,-75.5885714285714,-29.9357142857143,3792621,"1,213.90",0.204,35.8,62474
"Los Angeles",2020-06-13,1683,1683,2042,-25.07,-62.58,-33.3,-25.02,-67.04,-27.33,-25.49,-68.03,-22.45,-23.84,-66.78,-17.19,-29.37,-68.74,-24.35,-27.54,-67.62,-29.63,-23.78,-61.84,-28.23,-25.35,-62.1,-31.29,-14.44,-24.32,-57.25,0,0,1,-29.3514285714286,-74.9614285714286,-30.5385714285714,3792621,"1,213.90",0.204,35.8,62474
"Los Angeles",2020-06-14,1136,1683,1683,-12.79,-54.27,-13.2,-25.07,-62.58,-33.3,-25.02,-67.04,-27.33,-25.49,-68.03,-22.45,-23.84,-66.78,-17.19,-29.37,-68.74,-24.35,-27.54,-67.62,-29.63,-23.78,-61.84,-28.23,-3.01,-3.55,-48.23,0,0,1,-27.5571428571429,-73.8428571428571,-27.9542857142857,3792621,"1,213.90",0.204,35.8,62474
"Los Angeles",2020-06-15,951,1136,1683,-13.56,-58.77,-14.33,-12.79,-54.27,-13.2,-25.07,-62.58,-33.3,-25.02,-67.04,-27.33,-25.49,-68.03,-22.45,-23.84,-66.78,-17.19,-29.37,-68.74,-24.35,-27.54,-67.62,-29.63,-6.98,-7.43,-55.3,0,0,0,-26.0971428571429,-73.4042857142857,-25.9685714285714,3792621,"1,213.90",0.204,35.8,62474
"Los Angeles",2020-06-16,1533,951,1136,-14.29,-61.63,-11.09,-13.56,-58.77,-14.33,-12.79,-54.27,-13.2,-25.07,-62.58,-33.3,-25.02,-67.04,-27.33,-25.49,-68.03,-22.45,-23.84,-66.78,-17.19,-29.37,-68.74,-24.35,-9.91,-7.38,-57.82,0,0,0,-24.2042857142857,-72.5485714285714,-23.32,3792621,"1,213.90",0.204,35.8,62474
"Los Angeles",2020-06-17,2303,1533,951,-12.85,-60.45,-10.77,-14.29,-61.63,-11.09,-13.56,-58.77,-14.33,-12.79,-54.27,-13.2,-25.07,-62.58,-33.3,-25.02,-67.04,-27.33,-25.49,-68.03,-22.45,-23.84,-66.78,-17.19,-10.16,-5.98,-56.87,0,0,0,-21.8442857142857,-71.3642857142857,-21.38,3792621,"1,213.90",0.204,35.8,62474
"Los Angeles",2020-06-18,1133,2303,1533,-15.04,-62.12,-12.21,-12.85,-60.45,-10.77,-14.29,-61.63,-11.09,-13.56,-58.77,-14.33,-12.79,-54.27,-13.2,-25.07,-62.58,-33.3,-25.02,-67.04,-27.33,-25.49,-68.03,-22.45,-12.02,-9.32,-58.98,0,0,0,-20.5871428571429,-70.6985714285714,-20.6685714285714,3792621,"1,213.90",0.204,35.8,62474
"Los Angeles",2020-06-19,1687,1133,2303,-13.61,-61.15,-16.56,-15.04,-62.12,-12.21,-12.85,-60.45,-10.77,-14.29,-61.63,-11.09,-13.56,-58.77,-14.33,-12.79,-54.27,-13.2,-25.07,-62.58,-33.3,-25.02,-67.04,-27.33,-8.62,-9.62,-55.85,0,0,0,-18.89,-69.7157142857143,-19.8271428571429,3792621,"1,213.90",0.204,35.8,62474
"Los Angeles",2020-06-20,2418,1687,1133,-14.44,-57.25,-24.32,-13.61,-61.15,-16.56,-15.04,-62.12,-12.21,-12.85,-60.45,-10.77,-14.29,-61.63,-11.09,-13.56,-58.77,-14.33,-12.79,-54.27,-13.2,-25.07,-62.58,-33.3,-12.52,-22.94,-55.38,0,0,1,-17.3785714285714,-68.3171428571429,-19.3971428571429,3792621,"1,213.90",0.204,35.8,62474
"Memphis",2020-06-06,189,189,169,30.82,-15.47,37.03,29.58,-21.05,45.01,32.16,-17.84,52.76,33.46,-25.48,53.68,26.89,-21.27,38.25,7.63,-26.81,10.31,29.75,-1.02,50.07,21.17,-10.37,23.65,29.42,29.63,-2.63,0,0,1,30.2085714285714,-19.9014285714286,44.3942857142857,646889,"822.1",0.269,34.3,37199
"Memphis",2020-06-07,119,189,189,37.79,4.46,62.39,30.82,-15.47,37.03,29.58,-21.05,45.01,32.16,-17.84,52.76,33.46,-25.48,53.68,26.89,-21.27,38.25,7.63,-26.81,10.31,29.75,-1.02,50.07,36.17,45.26,-9.87,0,0,1,32.5828571428571,-17.7828571428571,49.9285714285714,646889,"822.1",0.269,34.3,37199
"Memphis",2020-06-08,137,119,189,35,-22.94,54.6,37.79,4.46,62.39,30.82,-15.47,37.03,29.58,-21.05,45.01,32.16,-17.84,52.76,33.46,-25.48,53.68,26.89,-21.27,38.25,7.63,-26.81,10.31,27.67,30.14,-13.69,0,0,0,33.3328571428571,-20.9142857142857,50.5757142857143,646889,"822.1",0.269,34.3,37199
"Memphis",2020-06-09,162,137,119,34.68,-22.69,51.96,35,-22.94,54.6,37.79,4.46,62.39,30.82,-15.47,37.03,29.58,-21.05,45.01,32.16,-17.84,52.76,33.46,-25.48,53.68,26.89,-21.27,38.25,37.37,54.31,-14.86,0,0,0,37.1971428571429,-20.3257142857143,56.5257142857143,646889,"822.1",0.269,34.3,37199
"Memphis",2020-06-10,147,162,137,33.48,-17.97,58.12,34.68,-22.69,51.96,35,-22.94,54.6,37.79,4.46,62.39,30.82,-15.47,37.03,29.58,-21.05,45.01,32.16,-17.84,52.76,33.46,-25.48,53.68,44.01,64.57,-14.11,0,0,0,38.1385714285714,-19.8542857142857,59.3642857142857,646889,"822.1",0.269,34.3,37199
"Memphis",2020-06-11,160,147,162,28.3,-21.66,47.15,33.48,-17.97,58.12,34.68,-22.69,51.96,35,-22.94,54.6,37.79,4.46,62.39,30.82,-15.47,37.03,29.58,-21.05,45.01,32.16,-17.84,52.76,46.95,71.01,-10.64,0,0,0,37.4014285714286,-19.3085714285714,58.4314285714286,646889,"822.1",0.269,34.3,37199
"Memphis",2020-06-12,140,160,147,20.68,-20.58,24.95,28.3,-21.66,47.15,33.48,-17.97,58.12,34.68,-22.69,51.96,35,-22.94,54.6,37.79,4.46,62.39,30.82,-15.47,37.03,29.58,-21.05,45.01,36.3,42.55,-13.09,0,0,0,35.7614285714286,-19.7,54.4585714285714,646889,"822.1",0.269,34.3,37199
"Memphis",2020-06-13,149,140,160,29.42,-2.63,29.63,20.68,-20.58,24.95,28.3,-21.66,47.15,33.48,-17.97,58.12,34.68,-22.69,51.96,35,-22.94,54.6,37.79,4.46,62.39,30.82,-15.47,37.03,39.04,42.41,-6.08,0,0,1,35.7385714285714,-17.0685714285714,52.2614285714286,646889,"822.1",0.269,34.3,37199
"Memphis",2020-06-14,237,149,140,36.17,-9.87,45.26,29.42,-2.63,29.63,20.68,-20.58,24.95,28.3,-21.66,47.15,33.48,-17.97,58.12,34.68,-22.69,51.96,35,-22.94,54.6,37.79,4.46,62.39,42.96,56.14,6.27,0,0,1,36.5028571428571,-16.2685714285714,53.4371428571429,646889,"822.1",0.269,34.3,37199
"Memphis",2020-06-15,227,237,149,27.67,-13.69,30.14,36.17,-9.87,45.26,29.42,-2.63,29.63,20.68,-20.58,24.95,28.3,-21.66,47.15,33.48,-17.97,58.12,34.68,-22.69,51.96,35,-22.94,54.6,44.82,60.45,-11.94,0,0,0,35.0571428571429,-18.8614285714286,48.83,646889,"822.1",0.269,34.3,37199
"Memphis",2020-06-16,198,227,237,37.37,-14.86,54.31,27.67,-13.69,30.14,36.17,-9.87,45.26,29.42,-2.63,29.63,20.68,-20.58,24.95,28.3,-21.66,47.15,33.48,-17.97,58.12,34.68,-22.69,51.96,48.47,68.53,-13.33,0,0,0,35.3957142857143,-17.7071428571429,48.7885714285714,646889,"822.1",0.269,34.3,37199
"Memphis",2020-06-17,242,198,227,44.01,-14.11,64.57,37.37,-14.86,54.31,27.67,-13.69,30.14,36.17,-9.87,45.26,29.42,-2.63,29.63,20.68,-20.58,24.95,28.3,-21.66,47.15,33.48,-17.97,58.12,46.34,68.87,-18.12,0,0,0,36.7285714285714,-16.4814285714286,50.59,646889,"822.1",0.269,34.3,37199
"Memphis",2020-06-18,64,242,198,46.95,-10.64,71.01,44.01,-14.11,64.57,37.37,-14.86,54.31,27.67,-13.69,30.14,36.17,-9.87,45.26,29.42,-2.63,29.63,20.68,-20.58,24.95,28.3,-21.66,47.15,46.75,71.27,-9.97,0,0,0,38.6528571428571,-15.4342857142857,52.4314285714286,646889,"822.1",0.269,34.3,37199
"Memphis",2020-06-19,358,64,242,36.3,-13.09,42.55,46.95,-10.64,71.01,44.01,-14.11,64.57,37.37,-14.86,54.31,27.67,-13.69,30.14,36.17,-9.87,45.26,29.42,-2.63,29.63,20.68,-20.58,24.95,44.51,58.51,-10.09,0,0,0,39.7957142857143,-14.21,51.7742857142857,646889,"822.1",0.269,34.3,37199
"Memphis",2020-06-20,121,358,64,39.04,-6.08,42.41,36.3,-13.09,42.55,46.95,-10.64,71.01,44.01,-14.11,64.57,37.37,-14.86,54.31,27.67,-13.69,30.14,36.17,-9.87,45.26,29.42,-2.63,29.63,42.56,47.6,-0.8,0,0,1,42.4185714285714,-12.1385714285714,54.2685714285714,646889,"822.1",0.269,34.3,37199
"Montreal",2020-06-06,243,240,252,-20.78,-62.53,-40.33,-16.93,-65.83,-38.26,-10.09,-63.98,-26.75,-7.39,-61.88,-23.32,-6.75,-62.69,-16.86,-9.93,-62.16,-19.18,-13.42,-59.78,-13.66,-28.91,-66.46,-38.3,-13.56,-37.75,-58.45,0,0,1,-16.3142857142857,-72.1871428571429,-30.9514285714286,4098927,"4604.26",0.086,40.3,52003.3389
"Montreal",2020-06-07,83,243,240,-4.04,-53.88,-14.22,-20.78,-62.53,-40.33,-16.93,-65.83,-38.26,-10.09,-63.98,-26.75,-7.39,-61.88,-23.32,-6.75,-62.69,-16.86,-9.93,-62.16,-19.18,-13.42,-59.78,-13.66,14.05,12.53,-44.58,0,0,1,-12.7614285714286,-70.39,-27.5114285714286,4098927,"4604.26",0.086,40.3,52003.3389
"Montreal",2020-06-08,119,83,243,-2.45,-58.99,-17.4,-4.04,-53.88,-14.22,-20.78,-62.53,-40.33,-16.93,-65.83,-38.26,-10.09,-63.98,-26.75,-7.39,-61.88,-23.32,-6.75,-62.69,-16.86,-9.93,-62.16,-19.18,7.6,-1.75,-51.36,0,0,0,-11.1942857142857,-70.2771428571429,-28.0457142857143,4098927,"4604.26",0.086,40.3,52003.3389
"Montreal",2020-06-08,83,119,83,-2.45,-58.99,-17.4,-4.04,-53.88,-14.22,-20.78,-62.53,-40.33,-16.93,-65.83,-38.26,-10.09,-63.98,-26.75,-7.39,-61.88,-23.32,-6.75,-62.69,-16.86,-9.93,-62.16,-19.18,7.6,-1.75,-51.36,0,0,0,-11.1942857142857,-70.2771428571429,-28.0457142857143,4098927,"4604.26",0.086,40.3,52003.3389
"Montreal",2020-06-09,157,83,119,-5.27,-61.85,-25.77,-2.45,-58.99,-17.4,-4.04,-53.88,-14.22,-20.78,-62.53,-40.33,-16.93,-65.83,-38.26,-10.09,-63.98,-26.75,-7.39,-61.88,-23.32,-6.75,-62.69,-16.86,6.75,-9.57,-53.81,0,0,0,-10.5285714285714,-70.2328571428571,-28.9871428571429,4098927,"4604.26",0.086,40.3,52003.3389
"Montreal",2020-06-09,63,157,83,-5.27,-61.85,-25.77,-2.45,-58.99,-17.4,-4.04,-53.88,-14.22,-20.78,-62.53,-40.33,-16.93,-65.83,-38.26,-10.09,-63.98,-26.75,-7.39,-61.88,-23.32,-6.75,-62.69,-16.86,6.75,-9.57,-53.81,0,0,0,-10.5285714285714,-70.2328571428571,-28.9871428571429,4098927,"4604.26",0.086,40.3,52003.3389
"Montreal",2020-06-10,172,63,157,-6.71,-59.54,-22.57,-5.27,-61.85,-25.77,-2.45,-58.99,-17.4,-4.04,-53.88,-14.22,-20.78,-62.53,-40.33,-16.93,-65.83,-38.26,-10.09,-63.98,-26.75,-7.39,-61.88,-23.32,2.48,-14.59,-54.11,0,0,0,-10.5228571428571,-69.7828571428571,-29.8028571428571,4098927,"4604.26",0.086,40.3,52003.3389
"Montreal",2020-06-10,61,172,63,-6.71,-59.54,-22.57,-5.27,-61.85,-25.77,-2.45,-58.99,-17.4,-4.04,-53.88,-14.22,-20.78,-62.53,-40.33,-16.93,-65.83,-38.26,-10.09,-63.98,-26.75,-7.39,-61.88,-23.32,2.48,-14.59,-54.11,0,0,0,-10.5228571428571,-69.7828571428571,-29.8028571428571,4098927,"4604.26",0.086,40.3,52003.3389
"Montreal",2020-06-11,155,61,172,1.64,-56.84,-9.13,-6.71,-59.54,-22.57,-5.27,-61.85,-25.77,-2.45,-58.99,-17.4,-4.04,-53.88,-14.22,-20.78,-62.53,-40.33,-16.93,-65.83,-38.26,-10.09,-63.98,-26.75,3.67,-14.57,-56.62,0,0,0,-9.23285714285714,-69.0628571428571,-27.7757142857143,4098927,"4604.26",0.086,40.3,52003.3389
"Montreal",2020-06-11,63,155,61,1.64,-56.84,-9.13,-6.71,-59.54,-22.57,-5.27,-61.85,-25.77,-2.45,-58.99,-17.4,-4.04,-53.88,-14.22,-20.78,-62.53,-40.33,-16.93,-65.83,-38.26,-10.09,-63.98,-26.75,3.67,-14.57,-56.62,0,0,0,-9.23285714285714,-69.0628571428571,-27.7757142857143,4098927,"4604.26",0.086,40.3,52003.3389
"Montreal",2020-06-12,177,63,155,-3.75,-59.43,-25.36,1.64,-56.84,-9.13,-6.71,-59.54,-22.57,-5.27,-61.85,-25.77,-2.45,-58.99,-17.4,-4.04,-53.88,-14.22,-20.78,-62.53,-40.33,-16.93,-65.83,-38.26,4.01,-25.37,-55.38,0,0,0,-8.32714285714286,-68.4128571428571,-27.5771428571429,4098927,"4604.26",0.086,40.3,52003.3389
"Montreal",2020-06-12,82,177,63,-3.75,-59.43,-25.36,1.64,-56.84,-9.13,-6.71,-59.54,-22.57,-5.27,-61.85,-25.77,-2.45,-58.99,-17.4,-4.04,-53.88,-14.22,-20.78,-62.53,-40.33,-16.93,-65.83,-38.26,4.01,-25.37,-55.38,0,0,0,-8.32714285714286,-68.4128571428571,-27.5771428571429,4098927,"4604.26",0.086,40.3,52003.3389
"Montreal",2020-06-13,125,82,177,-13.56,-58.45,-37.75,-3.75,-59.43,-25.36,1.64,-56.84,-9.13,-6.71,-59.54,-22.57,-5.27,-61.85,-25.77,-2.45,-58.99,-17.4,-4.04,-53.88,-14.22,-20.78,-62.53,-40.33,-6.29,-32.93,-55.13,0,0,1,-7.84571428571429,-67.3585714285714,-27.5042857142857,4098927,"4604.26",0.086,40.3,52003.3389
"Montreal",2020-06-13,56,125,82,-13.56,-58.45,-37.75,-3.75,-59.43,-25.36,1.64,-56.84,-9.13,-6.71,-59.54,-22.57,-5.27,-61.85,-25.77,-2.45,-58.99,-17.4,-4.04,-53.88,-14.22,-20.78,-62.53,-40.33,-6.29,-32.93,-55.13,0,0,1,-7.84571428571429,-67.3585714285714,-27.5042857142857,4098927,"4604.26",0.086,40.3,52003.3389
"Montreal",2020-06-14,95,56,125,14.05,-44.58,12.53,-13.56,-58.45,-37.75,-3.75,-59.43,-25.36,1.64,-56.84,-9.13,-6.71,-59.54,-22.57,-5.27,-61.85,-25.77,-2.45,-58.99,-17.4,-4.04,-53.88,-14.22,16.28,0.59,-45.16,0,0,1,-2.87,-64.7942857142857,-19.9528571428571,4098927,"4604.26",0.086,40.3,52003.3389
"Montreal",2020-06-14,75,95,56,14.05,-44.58,12.53,-13.56,-58.45,-37.75,-3.75,-59.43,-25.36,1.64,-56.84,-9.13,-6.71,-59.54,-22.57,-5.27,-61.85,-25.77,-2.45,-58.99,-17.4,-4.04,-53.88,-14.22,16.28,0.59,-45.16,0,0,1,-2.87,-64.7942857142857,-19.9528571428571,4098927,"4604.26",0.086,40.3,52003.3389
"Montreal",2020-06-15,111,75,95,7.6,-51.36,-1.75,14.05,-44.58,12.53,-13.56,-58.45,-37.75,-3.75,-59.43,-25.36,1.64,-56.84,-9.13,-6.71,-59.54,-22.57,-5.27,-61.85,-25.77,-2.45,-58.99,-17.4,18.98,9.95,-45.67,0,0,0,-1.20714285714286,-64.4342857142857,-18.1714285714286,4098927,"4604.26",0.086,40.3,52003.3389
"Montreal",2020-06-15,29,111,75,7.6,-51.36,-1.75,14.05,-44.58,12.53,-13.56,-58.45,-37.75,-3.75,-59.43,-25.36,1.64,-56.84,-9.13,-6.71,-59.54,-22.57,-5.27,-61.85,-25.77,-2.45,-58.99,-17.4,18.98,9.95,-45.67,0,0,0,-1.20714285714286,-64.4342857142857,-18.1714285714286,4098927,"4604.26",0.086,40.3,52003.3389
"Montreal",2020-06-16,128,29,111,6.75,-53.81,-9.57,7.6,-51.36,-1.75,14.05,-44.58,12.53,-13.56,-58.45,-37.75,-3.75,-59.43,-25.36,1.64,-56.84,-9.13,-6.71,-59.54,-22.57,-5.27,-61.85,-25.77,18.32,3.65,-45.29,0,0,0,0.107142857142857,-63.6942857142857,-17.0528571428571,4098927,"4604.26",0.086,40.3,52003.3389
"Montreal",2020-06-16,40,128,29,6.75,-53.81,-9.57,7.6,-51.36,-1.75,14.05,-44.58,12.53,-13.56,-58.45,-37.75,-3.75,-59.43,-25.36,1.64,-56.84,-9.13,-6.71,-59.54,-22.57,-5.27,-61.85,-25.77,18.32,3.65,-45.29,0,0,0,0.107142857142857,-63.6942857142857,-17.0528571428571,4098927,"4604.26",0.086,40.3,52003.3389
"Montreal",2020-06-17,78,40,128,2.48,-54.11,-14.59,6.75,-53.81,-9.57,7.6,-51.36,-1.75,14.05,-44.58,12.53,-13.56,-58.45,-37.75,-3.75,-59.43,-25.36,1.64,-56.84,-9.13,-6.71,-59.54,-22.57,16.91,3.47,-45.26,0,0,0,1.21428571428571,-62.5885714285714,-15.4557142857143,4098927,"4604.26",0.086,40.3,52003.3389
"Montreal",2020-06-17,58,78,40,2.48,-54.11,-14.59,6.75,-53.81,-9.57,7.6,-51.36,-1.75,14.05,-44.58,12.53,-13.56,-58.45,-37.75,-3.75,-59.43,-25.36,1.64,-56.84,-9.13,-6.71,-59.54,-22.57,16.91,3.47,-45.26,0,0,0,1.21428571428571,-62.5885714285714,-15.4557142857143,4098927,"4604.26",0.086,40.3,52003.3389
"Montreal",2020-06-18,58,58,78,3.67,-56.62,-14.57,2.48,-54.11,-14.59,6.75,-53.81,-9.57,7.6,-51.36,-1.75,14.05,-44.58,12.53,-13.56,-58.45,-37.75,-3.75,-59.43,-25.36,1.64,-56.84,-9.13,18.28,-2.46,-48.14,0,0,0,2.69714285714286,-62.1714285714286,-14.3128571428571,4098927,"4604.26",0.086,40.3,52003.3389
"Montreal",2020-06-19,64,58,58,4.01,-55.38,-25.37,3.67,-56.62,-14.57,2.48,-54.11,-14.59,6.75,-53.81,-9.57,7.6,-51.36,-1.75,14.05,-44.58,12.53,-13.56,-58.45,-37.75,-3.75,-59.43,-25.36,15.9,-17.78,-49.36,0,0,0,3.03571428571429,-61.9628571428571,-16.6328571428571,4098927,"4604.26",0.086,40.3,52003.3389
"Montreal",2020-06-20,74,64,58,-6.29,-55.13,-32.93,4.01,-55.38,-25.37,3.67,-56.62,-14.57,2.48,-54.11,-14.59,6.75,-53.81,-9.57,7.6,-51.36,-1.75,14.05,-44.58,12.53,-13.56,-58.45,-37.75,5.98,-25.88,-48.09,0,0,1,2.67285714285714,-61.3485714285714,-17.7142857142857,4098927,"4604.26",0.086,40.3,52003.3389
"New York",2020-06-06,1159,1159,1410,-14.82,-76.97,-51.15,-24.55,-78.88,-59.75,-21.87,-77.35,-55.71,-14.21,-75.27,-50.37,-15.9,-74.87,-48.52,-27.45,-77.28,-53.24,-16.84,-77.42,-53.55,-35.67,-82.84,-69.22,-10.67,-52.14,-74.88,0,0,1,-24.4728571428571,-88.6971428571429,-63.0728571428571,8175133,"780.9",0.196,36.9,63799
"New York",2020-06-07,815,1159,1159,-12.59,-75.27,-50.46,-14.82,-76.97,-51.15,-24.55,-78.88,-59.75,-21.87,-77.35,-55.71,-14.21,-75.27,-50.37,-15.9,-74.87,-48.52,-27.45,-77.28,-53.24,-16.84,-77.42,-53.55,-3.64,-47.13,-70.58,0,0,1,-21.1757142857143,-87.6157142857143,-60.3928571428571,8175133,"780.9",0.196,36.9,63799
"New York",2020-06-08,804,815,1159,-13.46,-73.35,-45.19,-12.59,-75.27,-50.46,-14.82,-76.97,-51.15,-24.55,-78.88,-59.75,-21.87,-77.35,-55.71,-14.21,-75.27,-50.37,-15.9,-74.87,-48.52,-27.45,-77.28,-53.24,-3.84,-41.74,-67.48,0,0,0,-20.6928571428571,-87.0342857142857,-59.1985714285714,8175133,"780.9",0.196,36.9,63799
"New York",2020-06-09,751,804,815,-17.67,-73.7,-47.93,-13.46,-73.35,-45.19,-12.59,-75.27,-50.46,-14.82,-76.97,-51.15,-24.55,-78.88,-59.75,-21.87,-77.35,-55.71,-14.21,-75.27,-50.37,-15.9,-74.87,-48.52,2.38,-38.56,-67.27,0,0,0,-19.2957142857143,-86.5228571428571,-58.44,8175133,"780.9",0.196,36.9,63799
"New York",2020-06-10,945,751,804,-19.64,-76.17,-56.11,-17.67,-73.7,-47.93,-13.46,-73.35,-45.19,-12.59,-75.27,-50.46,-14.82,-76.97,-51.15,-24.55,-78.88,-59.75,-21.87,-77.35,-55.71,-14.21,-75.27,-50.37,-0.72,-44.02,-68.51,0,0,0,-19.83,-86.7085714285714,-59.5242857142857,8175133,"780.9",0.196,36.9,63799
"New York",2020-06-11,901,945,751,-13.18,-74.67,-48.74,-19.64,-76.17,-56.11,-17.67,-73.7,-47.93,-13.46,-73.35,-45.19,-12.59,-75.27,-50.46,-14.82,-76.97,-51.15,-24.55,-78.88,-59.75,-21.87,-77.35,-55.71,-12.64,-52.53,-72.05,0,0,0,-19.6828571428571,-86.6228571428571,-59.2914285714286,8175133,"780.9",0.196,36.9,63799
"New York",2020-06-12,842,901,945,-23.26,-78.18,-61.33,-13.18,-74.67,-48.74,-19.64,-76.17,-56.11,-17.67,-73.7,-47.93,-13.46,-73.35,-45.19,-12.59,-75.27,-50.46,-14.82,-76.97,-51.15,-24.55,-78.88,-59.75,-3.09,-46.36,-70.31,0,0,0,-19.8814285714286,-86.7414285714286,-60.0942857142857,8175133,"780.9",0.196,36.9,63799
"New York",2020-06-13,1061,842,901,-10.67,-74.88,-52.14,-23.26,-78.18,-61.33,-13.18,-74.67,-48.74,-19.64,-76.17,-56.11,-17.67,-73.7,-47.93,-13.46,-73.35,-45.19,-12.59,-75.27,-50.46,-14.82,-76.97,-51.15,-0.82,-44.35,-70.89,0,0,1,-17.8985714285714,-86.17,-59.0071428571429,8175133,"780.9",0.196,36.9,63799
"New York",2020-06-14,703,1061,842,-3.64,-70.58,-47.13,-10.67,-74.88,-52.14,-23.26,-78.18,-61.33,-13.18,-74.67,-48.74,-19.64,-76.17,-56.11,-17.67,-73.7,-47.93,-13.46,-73.35,-45.19,-12.59,-75.27,-50.46,0.85,-44.86,-67.53,0,0,1,-16.3014285714286,-85.2571428571429,-58.4328571428571,8175133,"780.9",0.196,36.9,63799
"New York",2020-06-15,671,703,1061,-3.84,-67.48,-41.74,-3.64,-70.58,-47.13,-10.67,-74.88,-52.14,-23.26,-78.18,-61.33,-13.18,-74.67,-48.74,-19.64,-76.17,-56.11,-17.67,-73.7,-47.93,-13.46,-73.35,-45.19,2.25,-39.39,-65.68,0,0,0,-15.0514285714286,-84.1442857142857,-57.1871428571429,8175133,"780.9",0.196,36.9,63799
"New York",2020-06-16,650,671,703,2.38,-67.27,-38.56,-3.84,-67.48,-41.74,-3.64,-70.58,-47.13,-10.67,-74.88,-52.14,-23.26,-78.18,-61.33,-13.18,-74.67,-48.74,-19.64,-76.17,-56.11,-17.67,-73.7,-47.93,5.21,-35.83,-65.17,0,0,0,-12.7885714285714,-83.2757142857143,-56.24,8175133,"780.9",0.196,36.9,63799
"New York",2020-06-17,687,650,671,-0.72,-68.51,-44.02,2.38,-67.27,-38.56,-3.84,-67.48,-41.74,-3.64,-70.58,-47.13,-10.67,-74.88,-52.14,-23.26,-78.18,-61.33,-13.18,-74.67,-48.74,-19.64,-76.17,-56.11,4.94,-39.81,-65.86,0,0,0,-10.3671428571429,-82.5342857142857,-55.6814285714286,8175133,"780.9",0.196,36.9,63799
"New York",2020-06-18,693,687,650,-12.64,-72.05,-52.53,-0.72,-68.51,-44.02,2.38,-67.27,-38.56,-3.84,-67.48,-41.74,-3.64,-70.58,-47.13,-10.67,-74.88,-52.14,-23.26,-78.18,-61.33,-13.18,-74.67,-48.74,1.41,-41.09,-67.04,0,0,0,-9.36714285714286,-81.9457142857143,-55.17,8175133,"780.9",0.196,36.9,63799
"New York",2020-06-19,803,693,687,-3.09,-70.31,-46.36,-12.64,-72.05,-52.53,-0.72,-68.51,-44.02,2.38,-67.27,-38.56,-3.84,-67.48,-41.74,-3.64,-70.58,-47.13,-10.67,-74.88,-52.14,-23.26,-78.18,-61.33,3.89,-39.51,-66.07,0,0,0,-7.92571428571429,-81.3228571428571,-54.83,8175133,"780.9",0.196,36.9,63799
"New York",2020-06-20,733,803,693,-0.82,-70.89,-44.35,-3.09,-70.31,-46.36,-12.64,-72.05,-52.53,-0.72,-68.51,-44.02,2.38,-67.27,-38.56,-3.84,-67.48,-41.74,-3.64,-70.58,-47.13,-10.67,-74.88,-52.14,3.58,-43.96,-68.71,0,0,1,-4.72,-80.2814285714286,-52.4042857142857,8175133,"780.9",0.196,36.9,63799
"Oklahoma",2020-06-06,9,9,37,15.18,-17.68,17.42,20.93,-6.07,33.41,22.48,-11.98,44.67,27.71,-4.88,46.36,24.35,-3.65,50.45,-14.11,-30.82,-18.98,16.36,-4.25,29.12,2.02,-12.02,-0.88,21.18,21.7,-4.05,0,0,1,16.4171428571429,-13.05,28.7957142857143,579999,"1,570.30",0.171,34.4,53973
"Oklahoma",2020-06-07,21,9,9,33.18,11.96,84.51,15.18,-17.68,17.42,20.93,-6.07,33.41,22.48,-11.98,44.67,27.71,-4.88,46.36,24.35,-3.65,50.45,-14.11,-30.82,-18.98,16.36,-4.25,29.12,31.48,37.87,8.71,0,0,1,20.8685714285714,-9.62428571428572,40.9942857142857,579999,"1,570.30",0.171,34.4,53973
"Oklahoma",2020-06-08,21,21,9,24.34,-7.59,36.54,33.18,11.96,84.51,15.18,-17.68,17.42,20.93,-6.07,33.41,22.48,-11.98,44.67,27.71,-4.88,46.36,24.35,-3.65,50.45,-14.11,-30.82,-18.98,29.81,34.65,-2.55,0,0,0,22.0085714285714,-10.1014285714286,42.0542857142857,579999,"1,570.30",0.171,34.4,53973
"Oklahoma",2020-06-09,25,21,21,29.71,3.9,59.87,24.34,-7.59,36.54,33.18,11.96,84.51,15.18,-17.68,17.42,20.93,-6.07,33.41,22.48,-11.98,44.67,27.71,-4.88,46.36,24.35,-3.65,50.45,35.98,59.1,5.85,0,0,0,28.2685714285714,-5.14142857142857,53.3185714285714,579999,"1,570.30",0.171,34.4,53973
"Oklahoma",2020-06-10,33,25,21,32.92,11.55,50.5,29.71,3.9,59.87,24.34,-7.59,36.54,33.18,11.96,84.51,15.18,-17.68,17.42,20.93,-6.07,33.41,22.48,-11.98,44.67,27.71,-4.88,46.36,39.19,59.55,6.32,0,0,0,29.4928571428571,-2.97,53.3257142857143,579999,"1,570.30",0.171,34.4,53973
"Oklahoma",2020-06-11,32,33,25,30.21,-1.76,53.22,32.92,11.55,50.5,29.71,3.9,59.87,24.34,-7.59,36.54,33.18,11.96,84.51,15.18,-17.68,17.42,20.93,-6.07,33.41,22.48,-11.98,44.67,36.48,57.78,3.43,0,0,0,29.85,-2.52428571428571,54.3057142857143,579999,"1,570.30",0.171,34.4,53973
"Oklahoma",2020-06-12,67,32,33,26.63,-2.93,46.01,30.21,-1.76,53.22,32.92,11.55,50.5,29.71,3.9,59.87,24.34,-7.59,36.54,33.18,11.96,84.51,15.18,-17.68,17.42,20.93,-6.07,33.41,31.47,48.03,3.92,0,0,0,30.4428571428571,-1.23142857142857,54.4971428571429,579999,"1,570.30",0.171,34.4,53973
"Oklahoma",2020-06-13,51,67,32,21.18,-4.05,21.7,26.63,-2.93,46.01,30.21,-1.76,53.22,32.92,11.55,50.5,29.71,3.9,59.87,24.34,-7.59,36.54,33.18,11.96,84.51,15.18,-17.68,17.42,24.1,28.25,-3.63,0,0,1,30.4785714285714,-0.942857142857143,52.8242857142857,579999,"1,570.30",0.171,34.4,53973
"Oklahoma",2020-06-14,46,51,67,31.48,8.71,37.87,21.18,-4.05,21.7,26.63,-2.93,46.01,30.21,-1.76,53.22,32.92,11.55,50.5,29.71,3.9,59.87,24.34,-7.59,36.54,33.18,11.96,84.51,33.66,38.07,3.75,0,0,1,32.8071428571429,2.82714285714286,55.7457142857143,579999,"1,570.30",0.171,34.4,53973
"Oklahoma",2020-06-15,61,46,51,29.81,-2.55,34.65,31.48,8.71,37.87,21.18,-4.05,21.7,26.63,-2.93,46.01,30.21,-1.76,53.22,32.92,11.55,50.5,29.71,3.9,59.87,24.34,-7.59,36.54,35.09,44.55,-2.48,0,0,0,32.3257142857143,0.754285714285715,48.6228571428571,579999,"1,570.30",0.171,34.4,53973
"Oklahoma",2020-06-16,50,61,46,35.98,5.85,59.1,29.81,-2.55,34.65,31.48,8.71,37.87,21.18,-4.05,21.7,26.63,-2.93,46.01,30.21,-1.76,53.22,32.92,11.55,50.5,29.71,3.9,59.87,40.06,70.25,5.76,0,0,0,33.9885714285714,2.67428571428571,51.8457142857143,579999,"1,570.30",0.171,34.4,53973
"Oklahoma",2020-06-17,99,50,61,39.19,6.32,59.55,35.98,5.85,59.1,29.81,-2.55,34.65,31.48,8.71,37.87,21.18,-4.05,21.7,26.63,-2.93,46.01,30.21,-1.76,53.22,32.92,11.55,50.5,43.23,70.6,12.64,0,0,0,35.3428571428571,3.02,51.8,579999,"1,570.30",0.171,34.4,53973
"Oklahoma",2020-06-18,151,99,50,36.48,3.43,57.78,39.19,6.32,59.55,35.98,5.85,59.1,29.81,-2.55,34.65,31.48,8.71,37.87,21.18,-4.05,21.7,26.63,-2.93,46.01,30.21,-1.76,53.22,40.06,67.57,0.49,0,0,0,35.8514285714286,1.86,52.84,579999,"1,570.30",0.171,34.4,53973
"Oklahoma",2020-06-19,113,151,99,31.47,3.92,48.03,36.48,3.43,57.78,39.19,6.32,59.55,35.98,5.85,59.1,29.81,-2.55,34.65,31.48,8.71,37.87,21.18,-4.05,21.7,26.63,-2.93,46.01,21.22,23.91,-11.13,0,0,0,36.0314285714286,2.67142857142857,52.0985714285714,579999,"1,570.30",0.171,34.4,53973
"Oklahoma",2020-06-20,73,113,151,24.1,-3.63,28.25,31.47,3.92,48.03,36.48,3.43,57.78,39.19,6.32,59.55,35.98,5.85,59.1,29.81,-2.55,34.65,31.48,8.71,37.87,21.18,-4.05,21.7,19.53,12.26,-6.36,0,0,1,35.67,2.57142857142857,49.5614285714286,579999,"1,570.30",0.171,34.4,53973
"Phoenix",2020-06-06,719,719,932,-10.53,-44.24,-19.56,-12.02,-46.48,-7.12,-8.9,-46.49,-0.24,-7,-48.65,-1.31,-9.04,-45.7,4.94,-21.23,-49.79,-11.84,3.24,-36.93,-3.92,-14.16,-45.08,-18.48,-10.17,-17.67,-44.95,0,0,1,-11.3771428571429,-51.9085714285714,-8.21857142857143,1445632,"1,340.60",0.209,33.5,57957
"Phoenix",2020-06-07,782,719,719,-3.74,-37.19,-15.67,-10.53,-44.24,-19.56,-12.02,-46.48,-7.12,-8.9,-46.49,-0.24,-7,-48.65,-1.31,-9.04,-45.7,4.94,-21.23,-49.79,-11.84,3.24,-36.93,-3.92,5.15,-4.47,-35.38,0,0,1,-9.88857142857143,-50.7814285714286,-7.81714285714286,1445632,"1,340.60",0.209,33.5,57957
"Phoenix",2020-06-08,520,782,719,-9.34,-47.28,2.94,-3.74,-37.19,-15.67,-10.53,-44.24,-19.56,-12.02,-46.48,-7.12,-8.9,-46.49,-0.24,-7,-48.65,-1.31,-9.04,-45.7,4.94,-21.23,-49.79,-11.84,-0.89,7.28,-43.55,0,0,0,-11.6857142857143,-52.26,-6.83714285714286,1445632,"1,340.60",0.209,33.5,57957
"Phoenix",2020-06-09,408,520,782,-11.92,-47.02,1.85,-9.34,-47.28,2.94,-3.74,-37.19,-15.67,-10.53,-44.24,-19.56,-12.02,-46.48,-7.12,-8.9,-46.49,-0.24,-7,-48.65,-1.31,-9.04,-45.7,4.94,-4.29,7.92,-45.26,0,0,0,-10.3557142857143,-51.8642857142857,-4.88142857142857,1445632,"1,340.60",0.209,33.5,57957
"Phoenix",2020-06-10,953,408,520,-8.39,-48.75,1.84,-11.92,-47.02,1.85,-9.34,-47.28,2.94,-3.74,-37.19,-15.67,-10.53,-44.24,-19.56,-12.02,-46.48,-7.12,-8.9,-46.49,-0.24,-7,-48.65,-1.31,-3.54,0.33,-46.04,0,0,0,-10.2628571428571,-52.3,-5.32428571428571,1445632,"1,340.60",0.209,33.5,57957
"Phoenix",2020-06-11,938,953,408,-9.53,-48.54,-3.53,-8.39,-48.75,1.84,-11.92,-47.02,1.85,-9.34,-47.28,2.94,-3.74,-37.19,-15.67,-10.53,-44.24,-19.56,-12.02,-46.48,-7.12,-8.9,-46.49,-0.24,-4.29,4.58,-42.87,0,0,0,-10.6242857142857,-52.2842857142857,-5.64142857142857,1445632,"1,340.60",0.209,33.5,57957
"Phoenix",2020-06-12,957,938,953,-12.6,-48.71,-9.46,-9.53,-48.54,-3.53,-8.39,-48.75,1.84,-11.92,-47.02,1.85,-9.34,-47.28,2.94,-3.74,-37.19,-15.67,-10.53,-44.24,-19.56,-12.02,-46.48,-7.12,-8.36,-2.32,-44.56,0,0,0,-11.1528571428571,-52.6014285714286,-6.95857142857143,1445632,"1,340.60",0.209,33.5,57957
"Phoenix",2020-06-13,905,957,938,-10.17,-44.95,-17.67,-12.6,-48.71,-9.46,-9.53,-48.54,-3.53,-8.39,-48.75,1.84,-11.92,-47.02,1.85,-9.34,-47.28,2.94,-3.74,-37.19,-15.67,-10.53,-44.24,-19.56,-4,-13.39,-40.06,0,0,1,-10.8885714285714,-52.3828571428571,-8.46571428571429,1445632,"1,340.60",0.209,33.5,57957
"Phoenix",2020-06-14,901,905,957,5.15,-35.38,-4.47,-10.17,-44.95,-17.67,-12.6,-48.71,-9.46,-9.53,-48.54,-3.53,-8.39,-48.75,1.84,-11.92,-47.02,1.85,-9.34,-47.28,2.94,-3.74,-37.19,-15.67,8.94,-3.04,-33.51,0,0,1,-8.64857142857143,-51.1171428571429,-6.31,1445632,"1,340.60",0.209,33.5,57957
"Phoenix",2020-06-15,748,901,905,-0.89,-43.55,7.28,5.15,-35.38,-4.47,-10.17,-44.95,-17.67,-12.6,-48.71,-9.46,-9.53,-48.54,-3.53,-8.39,-48.75,1.84,-11.92,-47.02,1.85,-9.34,-47.28,2.94,-0.63,5.89,-41.09,0,0,0,-8.24142857142857,-52.0257142857143,-3.03142857142857,1445632,"1,340.60",0.209,33.5,57957
"Phoenix",2020-06-16,1562,748,901,-4.29,-45.26,7.92,-0.89,-43.55,7.28,5.15,-35.38,-4.47,-10.17,-44.95,-17.67,-12.6,-48.71,-9.46,-9.53,-48.54,-3.53,-8.39,-48.75,1.84,-11.92,-47.02,1.85,-3.42,5.5,-44.23,0,0,0,-7.52,-51.7371428571429,-2.32,1445632,"1,340.60",0.209,33.5,57957
"Phoenix",2020-06-17,1563,1562,748,-3.54,-46.04,0.33,-4.29,-45.26,7.92,-0.89,-43.55,7.28,5.15,-35.38,-4.47,-10.17,-44.95,-17.67,-12.6,-48.71,-9.46,-9.53,-48.54,-3.53,-8.39,-48.75,1.84,-2.91,0.73,-45,0,0,0,-6.32285714285714,-51.5971428571429,-2.53714285714286,1445632,"1,340.60",0.209,33.5,57957
"Phoenix",2020-06-18,1713,1563,1562,-4.29,-42.87,4.58,-3.54,-46.04,0.33,-4.29,-45.26,7.92,-0.89,-43.55,7.28,5.15,-35.38,-4.47,-10.17,-44.95,-17.67,-12.6,-48.71,-9.46,-9.53,-48.54,-3.53,-4.63,0.24,-46.22,0,0,0,-5.73714285714286,-50.7571428571429,-2.14571428571429,1445632,"1,340.60",0.209,33.5,57957
"Phoenix",2020-06-19,2351,1713,1563,-8.36,-44.56,-2.32,-4.29,-42.87,4.58,-3.54,-46.04,0.33,-4.29,-45.26,7.92,-0.89,-43.55,7.28,5.15,-35.38,-4.47,-10.17,-44.95,-17.67,-12.6,-48.71,-9.46,-8.48,-4.7,-46.03,0,0,0,-5.57,-50.1885714285714,-1.97285714285714,1445632,"1,340.60",0.209,33.5,57957
"Phoenix",2020-06-20,2345,2351,1713,-4,-40.06,-13.39,-8.36,-44.56,-2.32,-4.29,-42.87,4.58,-3.54,-46.04,0.33,-4.29,-45.26,7.92,-0.89,-43.55,7.28,5.15,-35.38,-4.47,-10.17,-44.95,-17.67,-8.8,-17.58,-43.59,0,0,1,-4.34142857142857,-48.9528571428571,-2.53428571428571,1445632,"1,340.60",0.209,33.5,57957
"Pittsburgh",2020-06-06,28,28,8,2.18,-58.7,-17.29,-2.57,-64.4,-24.29,9.76,-51.54,-1.04,13.74,-52.5,5.38,10.03,-50.94,12.91,-15.88,-60.07,-12.72,6.22,-54.86,0.54,-8.19,-61.65,-29.79,6.83,-16.67,-55.38,0,0,1,2.18428571428571,-64.9514285714286,-9.47142857142857,NA,NA,NA,NA,NA
"Pittsburgh",2020-06-07,25,28,28,9.86,-55.09,1.86,2.18,-58.7,-17.29,-2.57,-64.4,-24.29,9.76,-51.54,-1.04,13.74,-52.5,5.38,10.03,-50.94,12.91,-15.88,-60.07,-12.72,6.22,-54.86,0.54,25.72,10.68,-46.87,0,0,1,4.76285714285714,-64.0142857142857,-4.95,NA,NA,NA,NA,NA
"Pittsburgh",2020-06-08,9,25,28,14.49,-52.05,23.15,9.86,-55.09,1.86,2.18,-58.7,-17.29,-2.57,-64.4,-24.29,9.76,-51.54,-1.04,13.74,-52.5,5.38,10.03,-50.94,12.91,-15.88,-60.07,-12.72,27.5,26.55,-46.44,0,0,0,5.94428571428571,-63.6128571428571,-1.72,NA,NA,NA,NA,NA
"Pittsburgh",2020-06-09,33,9,25,15.63,-52.29,25.12,14.49,-52.05,23.15,9.86,-55.09,1.86,2.18,-58.7,-17.29,-2.57,-64.4,-24.29,9.76,-51.54,-1.04,13.74,-52.5,5.38,10.03,-50.94,12.91,26.84,27.3,-44.7,0,0,0,10.4457142857143,-62.5014285714286,3.68571428571429,NA,NA,NA,NA,NA
"Pittsburgh",2020-06-10,17,33,9,11.43,-50.43,9.97,15.63,-52.29,25.12,14.49,-52.05,23.15,9.86,-55.09,1.86,2.18,-58.7,-17.29,-2.57,-64.4,-24.29,9.76,-51.54,-1.04,13.74,-52.5,5.38,25.99,17.96,-44.71,0,0,0,10.6457142857143,-62.4285714285714,3.26571428571429,NA,NA,NA,NA,NA
"Pittsburgh",2020-06-11,28,17,33,10.88,-53.45,1.71,11.43,-50.43,9.97,15.63,-52.29,25.12,14.49,-52.05,23.15,9.86,-55.09,1.86,2.18,-58.7,-17.29,-2.57,-64.4,-24.29,9.76,-51.54,-1.04,28.99,18.27,-50.37,0,0,0,10.2371428571429,-62.5642857142857,2.74142857142857,NA,NA,NA,NA,NA
"Pittsburgh",2020-06-12,23,28,17,6.97,-58.27,-12.17,10.88,-53.45,1.71,11.43,-50.43,9.97,15.63,-52.29,25.12,14.49,-52.05,23.15,9.86,-55.09,1.86,2.18,-58.7,-17.29,-2.57,-64.4,-24.29,19.21,-0.93,-57.85,0,0,0,9.83857142857143,-63.5257142857143,1.15142857142857,NA,NA,NA,NA,NA
"Pittsburgh",2020-06-13,18,23,28,6.83,-55.38,-16.67,6.97,-58.27,-12.17,10.88,-53.45,1.71,11.43,-50.43,9.97,15.63,-52.29,25.12,14.49,-52.05,23.15,9.86,-55.09,1.86,2.18,-58.7,-17.29,18.92,-5.95,-54.13,0,0,1,11.1814285714286,-62.2371428571429,2.24,NA,NA,NA,NA,NA
"Pittsburgh",2020-06-14,6,18,23,25.72,-46.87,10.68,6.83,-55.38,-16.67,6.97,-58.27,-12.17,10.88,-53.45,1.71,11.43,-50.43,9.97,15.63,-52.29,25.12,14.49,-52.05,23.15,9.86,-55.09,1.86,33.51,18.07,-48.61,0,0,1,14.5442857142857,-60.5471428571429,6.23571428571429,NA,NA,NA,NA,NA
"Pittsburgh",2020-06-15,12,6,18,27.5,-46.44,26.55,25.72,-46.87,10.68,6.83,-55.38,-16.67,6.97,-58.27,-12.17,10.88,-53.45,1.71,11.43,-50.43,9.97,15.63,-52.29,25.12,14.49,-52.05,23.15,32.7,33.05,-44.77,0,0,0,17.0642857142857,-59.3114285714286,9.76285714285714,NA,NA,NA,NA,NA
"Pittsburgh",2020-06-16,33,12,6,26.84,-44.7,27.3,27.5,-46.44,26.55,25.72,-46.87,10.68,6.83,-55.38,-16.67,6.97,-58.27,-12.17,10.88,-53.45,1.71,11.43,-50.43,9.97,15.63,-52.29,25.12,32.52,37.42,-44.76,0,0,0,18.8285714285714,-58.2614285714286,10.3557142857143,NA,NA,NA,NA,NA
"Pittsburgh",2020-06-17,15,33,12,25.99,-44.71,17.96,26.84,-44.7,27.3,27.5,-46.44,26.55,25.72,-46.87,10.68,6.83,-55.38,-16.67,6.97,-58.27,-12.17,10.88,-53.45,1.71,11.43,-50.43,9.97,33.02,26.31,-45.28,0,0,0,20.3085714285714,-57.1785714285714,9.33285714285714,NA,NA,NA,NA,NA
"Pittsburgh",2020-06-18,16,15,33,28.99,-50.37,18.27,25.99,-44.71,17.96,26.84,-44.7,27.3,27.5,-46.44,26.55,25.72,-46.87,10.68,6.83,-55.38,-16.67,6.97,-58.27,-12.17,10.88,-53.45,1.71,30.05,18.68,-50.99,0,0,0,22.8171428571429,-57.17,10.5185714285714,NA,NA,NA,NA,NA
"Pittsburgh",2020-06-19,36,16,15,19.21,-57.85,-0.93,28.99,-50.37,18.27,25.99,-44.71,17.96,26.84,-44.7,27.3,27.5,-46.44,26.55,25.72,-46.87,10.68,6.83,-55.38,-16.67,6.97,-58.27,-12.17,19.8,-1.16,-53.37,0,0,0,24.0071428571429,-57.7985714285714,10.1414285714286,NA,NA,NA,NA,NA
"Pittsburgh",2020-06-20,34,36,16,18.92,-54.13,-5.95,19.21,-57.85,-0.93,28.99,-50.37,18.27,25.99,-44.71,17.96,26.84,-44.7,27.3,27.5,-46.44,26.55,25.72,-46.87,10.68,6.83,-55.38,-16.67,22.61,1.89,-51.62,0,0,1,25.7142857142857,-57.2071428571429,11.03,NA,NA,NA,NA,NA
"Sacramento",2020-06-06,31,31,41,-5.03,-52.54,-6.35,-5.51,-60.5,3.25,-4.85,-64.08,5.06,-6.31,-63.71,3.75,-6.31,-63.06,9.53,-13.34,-62.73,3.37,6.38,-51.89,6.29,-7.56,-55.53,-10.91,5.7,14.27,-49.42,0,0,1,-6.07571428571429,-67.72,1.99857142857143,466488,"253.6",0.198,34.3,65046
"Sacramento",2020-06-07,43,31,31,9.58,-45.44,20.53,-5.03,-52.54,-6.35,-5.51,-60.5,3.25,-4.85,-64.08,5.06,-6.31,-63.71,3.75,-6.31,-63.06,9.53,-13.34,-62.73,3.37,6.38,-51.89,6.29,15.64,18.99,-43.05,0,0,1,-3.62714285714286,-66.2785714285714,6.49,466488,"253.6",0.198,34.3,65046
"Sacramento",2020-06-08,34,43,31,-1.33,-62.68,10.63,9.58,-45.44,20.53,-5.03,-52.54,-6.35,-5.51,-60.5,3.25,-4.85,-64.08,5.06,-6.31,-63.71,3.75,-6.31,-63.06,9.53,-13.34,-62.73,3.37,8.09,22.83,-56.99,0,0,0,-4.72857142857143,-67.82,7.11,466488,"253.6",0.198,34.3,65046
"Sacramento",2020-06-09,51,34,43,-6.99,-63.92,8.1,-1.33,-62.68,10.63,9.58,-45.44,20.53,-5.03,-52.54,-6.35,-5.51,-60.5,3.25,-4.85,-64.08,5.06,-6.31,-63.71,3.75,-6.31,-63.06,9.53,4.32,17.22,-57.02,0,0,0,-3.82142857142857,-67.99,7.78571428571429,466488,"253.6",0.198,34.3,65046
"Sacramento",2020-06-10,27,51,34,-5.97,-67.34,1.94,-6.99,-63.92,8.1,-1.33,-62.68,10.63,9.58,-45.44,20.53,-5.03,-52.54,-6.35,-5.51,-60.5,3.25,-4.85,-64.08,5.06,-6.31,-63.71,3.75,2.8,13.48,-57.08,0,0,0,-3.77285714285714,-68.6014285714286,6.70142857142857,466488,"253.6",0.198,34.3,65046
"Sacramento",2020-06-11,54,27,51,-2.35,-61.25,3.49,-5.97,-67.34,1.94,-6.99,-63.92,8.1,-1.33,-62.68,10.63,9.58,-45.44,20.53,-5.03,-52.54,-6.35,-5.51,-60.5,3.25,-4.85,-64.08,5.06,4.03,14.64,-56.92,0,0,0,-3.20714285714286,-68.25,6.66428571428571,466488,"253.6",0.198,34.3,65046
"Sacramento",2020-06-12,61,54,27,-1.46,-59.22,4.98,-2.35,-61.25,3.49,-5.97,-67.34,1.94,-6.99,-63.92,8.1,-1.33,-62.68,10.63,9.58,-45.44,20.53,-5.03,-52.54,-6.35,-5.51,-60.5,3.25,4.8,11.69,-58.66,0,0,0,-2.72285714285714,-67.5557142857143,6.65285714285714,466488,"253.6",0.198,34.3,65046
"Sacramento",2020-06-13,30,61,54,5.7,-49.42,14.27,-1.46,-59.22,4.98,-2.35,-61.25,3.49,-5.97,-67.34,1.94,-6.99,-63.92,8.1,-1.33,-62.68,10.63,9.58,-45.44,20.53,-5.03,-52.54,-6.35,14.71,1.17,-49.17,0,0,1,-1.12142857142857,-65.9728571428571,8.22714285714286,466488,"253.6",0.198,34.3,65046
"Sacramento",2020-06-14,52,30,61,15.64,-43.05,18.99,5.7,-49.42,14.27,-1.46,-59.22,4.98,-2.35,-61.25,3.49,-5.97,-67.34,1.94,-6.99,-63.92,8.1,-1.33,-62.68,10.63,9.58,-45.44,20.53,31.95,25.92,-39.66,0,0,1,1.83142857142857,-64.6171428571429,11.8471428571429,466488,"253.6",0.198,34.3,65046
"Sacramento",2020-06-15,65,52,30,8.09,-56.99,22.83,15.64,-43.05,18.99,5.7,-49.42,14.27,-1.46,-59.22,4.98,-2.35,-61.25,3.49,-5.97,-67.34,1.94,-6.99,-63.92,8.1,-1.33,-62.68,10.63,12.34,23.27,-55.97,0,0,0,1.61857142857143,-66.2671428571429,12.1757142857143,466488,"253.6",0.198,34.3,65046
"Sacramento",2020-06-16,63,65,52,4.32,-57.02,17.22,8.09,-56.99,22.83,15.64,-43.05,18.99,5.7,-49.42,14.27,-1.46,-59.22,4.98,-2.35,-61.25,3.49,-5.97,-67.34,1.94,-6.99,-63.92,8.1,8.23,24,-56.75,0,0,0,2.42571428571429,-65.4585714285714,13.1171428571429,466488,"253.6",0.198,34.3,65046
"Sacramento",2020-06-17,117,63,65,2.8,-57.08,13.48,4.32,-57.02,17.22,8.09,-56.99,22.83,15.64,-43.05,18.99,5.7,-49.42,14.27,-1.46,-59.22,4.98,-2.35,-61.25,3.49,-5.97,-67.34,1.94,7.78,15.87,-56.81,0,0,0,3.82428571428571,-64.4814285714286,13.8857142857143,466488,"253.6",0.198,34.3,65046
"Sacramento",2020-06-18,91,117,63,4.03,-56.92,14.64,2.8,-57.08,13.48,4.32,-57.02,17.22,8.09,-56.99,22.83,15.64,-43.05,18.99,5.7,-49.42,14.27,-1.46,-59.22,4.98,-2.35,-61.25,3.49,9.71,18.06,-58.45,0,0,0,5.25285714285714,-62.9928571428571,15.7,466488,"253.6",0.198,34.3,65046
"Sacramento",2020-06-19,65,91,117,4.8,-58.66,11.69,4.03,-56.92,14.64,2.8,-57.08,13.48,4.32,-57.02,17.22,8.09,-56.99,22.83,15.64,-43.05,18.99,5.7,-49.42,14.27,-1.46,-59.22,4.98,10.8,20.32,-53.96,0,0,0,6.27428571428571,-62.6228571428571,16.8714285714286,466488,"253.6",0.198,34.3,65046
"Sacramento",2020-06-20,118,65,91,14.71,-49.17,1.17,4.8,-58.66,11.69,4.03,-56.92,14.64,2.8,-57.08,13.48,4.32,-57.02,17.22,8.09,-56.99,22.83,15.64,-43.05,18.99,5.7,-49.42,14.27,15.04,6.07,-48.09,0,0,1,8.58428571428571,-61.1871428571429,16.3271428571429,466488,"253.6",0.198,34.3,65046
"Seattle",2020-06-06,42,40,107,-30.47,-73.36,-49.68,-21.65,-74.55,-34.32,-28.48,-74.19,-30.99,-27.32,-72.48,-27.63,-27.78,-73.26,-33.32,-38.79,-77.57,-48.67,-15.75,-71.15,-38.08,-26.05,-75.55,-51.94,-19.44,-40.71,-69.77,0,0,1,-30.8985714285714,-84.5871428571429,-44.9471428571429,608660,"217",0.125,35.2,93481
"Seattle",2020-06-07,56,42,40,-20.28,-69.83,-42.22,-30.47,-73.36,-49.68,-21.65,-74.55,-34.32,-28.48,-74.19,-30.99,-27.32,-72.48,-27.63,-27.78,-73.26,-33.32,-38.79,-77.57,-48.67,-15.75,-71.15,-38.08,-11.97,-33.09,-64.56,0,0,1,-30.0742857142857,-83.77,-43.5585714285714,608660,"217",0.125,35.2,93481
"Seattle",2020-06-08,88,56,42,-17.87,-70.24,-27.13,-20.28,-69.83,-42.22,-30.47,-73.36,-49.68,-21.65,-74.55,-34.32,-28.48,-74.19,-30.99,-27.32,-72.48,-27.63,-27.78,-73.26,-33.32,-38.79,-77.57,-48.67,-15.31,-26.88,-67.89,0,0,0,-30.3771428571429,-83.64,-41.9942857142857,608660,"217",0.125,35.2,93481
"Seattle",2020-06-09,61,88,56,-24.26,-71.88,-30.2,-17.87,-70.24,-27.13,-20.28,-69.83,-42.22,-30.47,-73.36,-49.68,-21.65,-74.55,-34.32,-28.48,-74.19,-30.99,-27.32,-72.48,-27.63,-27.78,-73.26,-33.32,-21.62,-29.97,-69.69,0,0,0,-28.3014285714286,-82.8271428571428,-39.3557142857143,608660,"217",0.125,35.2,93481
"Seattle",2020-06-10,38,61,88,-23.99,-68.88,-25,-24.26,-71.88,-30.2,-17.87,-70.24,-27.13,-20.28,-69.83,-42.22,-30.47,-73.36,-49.68,-21.65,-74.55,-34.32,-28.48,-74.19,-30.99,-27.32,-72.48,-27.63,-18.96,-18.35,-66.91,0,0,0,-27.76,-82.2014285714286,-38.1671428571429,608660,"217",0.125,35.2,93481
"Seattle",2020-06-11,39,38,61,-26.84,-73.47,-30.66,-23.99,-68.88,-25,-24.26,-71.88,-30.2,-17.87,-70.24,-27.13,-20.28,-69.83,-42.22,-30.47,-73.36,-49.68,-21.65,-74.55,-34.32,-28.48,-74.19,-30.99,-19.24,-22.09,-68.14,0,0,0,-27.6914285714286,-82.3428571428571,-38.6,608660,"217",0.125,35.2,93481
"Seattle",2020-06-12,99,39,38,-20.98,-72.64,-33.04,-26.84,-73.47,-30.66,-23.99,-68.88,-25,-24.26,-71.88,-30.2,-17.87,-70.24,-27.13,-20.28,-69.83,-42.22,-30.47,-73.36,-49.68,-21.65,-74.55,-34.32,-11.97,-16.13,-65.95,0,0,0,-26.62,-82.1214285714286,-38.8928571428571,608660,"217",0.125,35.2,93481
"Seattle",2020-06-13,77,99,39,-19.44,-69.77,-40.71,-20.98,-72.64,-33.04,-26.84,-73.47,-30.66,-23.99,-68.88,-25,-24.26,-71.88,-30.2,-17.87,-70.24,-27.13,-20.28,-69.83,-42.22,-30.47,-73.36,-49.68,-14.8,-42,-67.4,0,0,1,-26.3042857142857,-81.4385714285714,-39.8057142857143,608660,"217",0.125,35.2,93481
"Seattle",2020-06-14,70,77,99,-11.97,-64.56,-33.09,-19.44,-69.77,-40.71,-20.98,-72.64,-33.04,-26.84,-73.47,-30.66,-23.99,-68.88,-25,-24.26,-71.88,-30.2,-17.87,-70.24,-27.13,-20.28,-69.83,-42.22,-0.67,-23.11,-60.73,0,0,1,-23.6614285714286,-80.1814285714286,-37.4357142857143,608660,"217",0.125,35.2,93481
"Seattle",2020-06-15,87,70,77,-15.31,-67.89,-26.88,-11.97,-64.56,-33.09,-19.44,-69.77,-40.71,-20.98,-72.64,-33.04,-26.84,-73.47,-30.66,-23.99,-68.88,-25,-24.26,-71.88,-30.2,-17.87,-70.24,-27.13,-11.18,-26.78,-66.71,0,0,0,-22.9514285714286,-79.9042857142857,-35.2442857142857,608660,"217",0.125,35.2,93481
"Seattle",2020-06-16,100,87,70,-21.62,-69.69,-29.97,-15.31,-67.89,-26.88,-11.97,-64.56,-33.09,-19.44,-69.77,-40.71,-20.98,-72.64,-33.04,-26.84,-73.47,-30.66,-23.99,-68.88,-25,-24.26,-71.88,-30.2,-10.81,-17.72,-66.12,0,0,0,-23.4871428571429,-79.8257142857143,-35.65,608660,"217",0.125,35.2,93481
"Seattle",2020-06-17,85,100,87,-18.96,-66.91,-18.35,-21.62,-69.69,-29.97,-15.31,-67.89,-26.88,-11.97,-64.56,-33.09,-19.44,-69.77,-40.71,-20.98,-72.64,-33.04,-26.84,-73.47,-30.66,-23.99,-68.88,-25,-11.49,-12.02,-64.79,0,0,0,-22.73,-79.1157142857143,-33.9571428571429,608660,"217",0.125,35.2,93481
"Seattle",2020-06-18,135,85,100,-19.24,-68.14,-22.09,-18.96,-66.91,-18.35,-21.62,-69.69,-29.97,-15.31,-67.89,-26.88,-11.97,-64.56,-33.09,-19.44,-69.77,-40.71,-20.98,-72.64,-33.04,-26.84,-73.47,-30.66,-8.78,-10.15,-64.65,0,0,0,-22.0514285714286,-79.01,-33.5414285714286,608660,"217",0.125,35.2,93481
"Seattle",2020-06-19,159,135,85,-11.97,-65.95,-16.13,-19.24,-68.14,-22.09,-18.96,-66.91,-18.35,-21.62,-69.69,-29.97,-15.31,-67.89,-26.88,-11.97,-64.56,-33.09,-19.44,-69.77,-40.71,-20.98,-72.64,-33.04,-1.02,-13.69,-64.75,0,0,0,-19.9271428571429,-77.9357142857143,-31.4657142857143,608660,"217",0.125,35.2,93481
"Seattle",2020-06-20,69,159,135,-14.8,-67.4,-42,-11.97,-65.95,-16.13,-19.24,-68.14,-22.09,-18.96,-66.91,-18.35,-21.62,-69.69,-29.97,-15.31,-67.89,-26.88,-11.97,-64.56,-33.09,-19.44,-69.77,-40.71,-5.76,-35.67,-64.76,0,0,1,-19.0442857142857,-77.1871428571428,-32.7457142857143,608660,"217",0.125,35.2,93481
"Stockholm",2020-06-06,207,236,219,3.9,-31.8,-30.09,15.8,-29.58,-23.33,15.67,-33,-22.67,10.41,-35.76,-29.93,17.47,-34.6,-16.39,12.19,-35.2,-22.95,0.5,-41.16,-23.57,-23.23,-47.25,-58.43,-0.11,-46.12,-31.77,0,0,1,7.53,-41.1928571428571,-32.48,2377081,"6519.3",0.113,38.8,49588.38326
"Stockholm",2020-06-07,47,207,236,13.98,-33.57,-10.83,3.9,-31.8,-30.09,15.8,-29.58,-23.33,15.67,-33,-22.67,10.41,-35.76,-29.93,17.47,-34.6,-16.39,12.19,-35.2,-22.95,0.5,-41.16,-23.57,21.23,-4.27,-26.74,0,0,1,12.8457142857143,-39.2385714285714,-25.68,2377081,"6519.3",0.113,38.8,49588.38326
"Stockholm",2020-06-08,128,47,207,27.3,-24.52,-4.35,13.98,-33.57,-10.83,3.9,-31.8,-30.09,15.8,-29.58,-23.33,15.67,-33,-22.67,10.41,-35.76,-29.93,17.47,-34.6,-16.39,12.19,-35.2,-22.95,30.63,-6.61,-23.1,0,0,0,16.6742857142857,-36.8614285714286,-22.9342857142857,2377081,"6519.3",0.113,38.8,49588.38326
"Stockholm",2020-06-08,128,128,47,27.3,-24.52,-4.35,13.98,-33.57,-10.83,3.9,-31.8,-30.09,15.8,-29.58,-23.33,15.67,-33,-22.67,10.41,-35.76,-29.93,17.47,-34.6,-16.39,12.19,-35.2,-22.95,30.63,-6.61,-23.1,0,0,0,16.6742857142857,-36.8614285714286,-22.9342857142857,2377081,"6519.3",0.113,38.8,49588.38326
"Stockholm",2020-06-09,226,128,128,19.17,-29.34,-16.05,27.3,-24.52,-4.35,13.98,-33.57,-10.83,3.9,-31.8,-30.09,15.8,-29.58,-23.33,15.67,-33,-22.67,10.41,-35.76,-29.93,17.47,-34.6,-16.39,30.68,-3.96,-22.03,0,0,0,17.6714285714286,-36.0242857142857,-21.9485714285714,2377081,"6519.3",0.113,38.8,49588.38326
"Stockholm",2020-06-09,226,226,128,19.17,-29.34,-16.05,27.3,-24.52,-4.35,13.98,-33.57,-10.83,3.9,-31.8,-30.09,15.8,-29.58,-23.33,15.67,-33,-22.67,10.41,-35.76,-29.93,17.47,-34.6,-16.39,30.68,-3.96,-22.03,0,0,0,17.6714285714286,-36.0242857142857,-21.9485714285714,2377081,"6519.3",0.113,38.8,49588.38326
"Stockholm",2020-06-10,267,226,226,21.06,-27.55,-12.83,19.17,-29.34,-16.05,27.3,-24.52,-4.35,13.98,-33.57,-10.83,3.9,-31.8,-30.09,15.8,-29.58,-23.33,15.67,-33,-22.67,10.41,-35.76,-29.93,35.71,1.18,-16.85,0,0,0,18.1842857142857,-35.0171428571429,-21.44,2377081,"6519.3",0.113,38.8,49588.38326
"Stockholm",2020-06-10,267,267,226,21.06,-27.55,-12.83,19.17,-29.34,-16.05,27.3,-24.52,-4.35,13.98,-33.57,-10.83,3.9,-31.8,-30.09,15.8,-29.58,-23.33,15.67,-33,-22.67,10.41,-35.76,-29.93,35.71,1.18,-16.85,0,0,0,18.1842857142857,-35.0171428571429,-21.44,2377081,"6519.3",0.113,38.8,49588.38326
"Stockholm",2020-06-11,223,267,267,28.75,-26.14,-15.94,21.06,-27.55,-12.83,19.17,-29.34,-16.05,27.3,-24.52,-4.35,13.98,-33.57,-10.83,3.9,-31.8,-30.09,15.8,-29.58,-23.33,15.67,-33,-22.67,38.69,-1.64,-21.56,0,0,0,20.8042857142857,-33.6428571428571,-19.4414285714286,2377081,"6519.3",0.113,38.8,49588.38326
"Stockholm",2020-06-11,222,223,267,28.75,-26.14,-15.94,21.06,-27.55,-12.83,19.17,-29.34,-16.05,27.3,-24.52,-4.35,13.98,-33.57,-10.83,3.9,-31.8,-30.09,15.8,-29.58,-23.33,15.67,-33,-22.67,38.69,-1.64,-21.56,0,0,0,20.8042857142857,-33.6428571428571,-19.4414285714286,2377081,"6519.3",0.113,38.8,49588.38326
"Stockholm",2020-06-12,207,222,223,24.11,-28.34,-24.7,28.75,-26.14,-15.94,21.06,-27.55,-12.83,19.17,-29.34,-16.05,27.3,-24.52,-4.35,13.98,-33.57,-10.83,3.9,-31.8,-30.09,15.8,-29.58,-23.33,30.07,-9.8,-16.35,0,0,0,22.01,-32.9771428571429,-19.7314285714286,2377081,"6519.3",0.113,38.8,49588.38326
"Stockholm",2020-06-12,203,207,222,24.11,-28.34,-24.7,28.75,-26.14,-15.94,21.06,-27.55,-12.83,19.17,-29.34,-16.05,27.3,-24.52,-4.35,13.98,-33.57,-10.83,3.9,-31.8,-30.09,15.8,-29.58,-23.33,30.07,-9.8,-16.35,0,0,0,22.01,-32.9771428571429,-19.7314285714286,2377081,"6519.3",0.113,38.8,49588.38326
"Stockholm",2020-06-13,184,203,207,-0.11,-31.77,-46.12,24.11,-28.34,-24.7,28.75,-26.14,-15.94,21.06,-27.55,-12.83,19.17,-29.34,-16.05,27.3,-24.52,-4.35,13.98,-33.57,-10.83,3.9,-31.8,-30.09,12.09,-23.94,-23.07,0,0,1,19.7371428571429,-33.29,-22.9871428571429,2377081,"6519.3",0.113,38.8,49588.38326
"Stockholm",2020-06-13,182,184,203,-0.11,-31.77,-46.12,24.11,-28.34,-24.7,28.75,-26.14,-15.94,21.06,-27.55,-12.83,19.17,-29.34,-16.05,27.3,-24.52,-4.35,13.98,-33.57,-10.83,3.9,-31.8,-30.09,12.09,-23.94,-23.07,0,0,1,19.7371428571429,-33.29,-22.9871428571429,2377081,"6519.3",0.113,38.8,49588.38326
"Stockholm",2020-06-14,53,182,184,21.23,-26.74,-4.27,-0.11,-31.77,-46.12,24.11,-28.34,-24.7,28.75,-26.14,-15.94,21.06,-27.55,-12.83,19.17,-29.34,-16.05,27.3,-24.52,-4.35,13.98,-33.57,-10.83,28.11,0.19,-21.41,0,0,1,22.2128571428571,-32.5671428571429,-19.2985714285714,2377081,"6519.3",0.113,38.8,49588.38326
"Stockholm",2020-06-14,75,53,182,21.23,-26.74,-4.27,-0.11,-31.77,-46.12,24.11,-28.34,-24.7,28.75,-26.14,-15.94,21.06,-27.55,-12.83,19.17,-29.34,-16.05,27.3,-24.52,-4.35,13.98,-33.57,-10.83,28.11,0.19,-21.41,0,0,1,22.2128571428571,-32.5671428571429,-19.2985714285714,2377081,"6519.3",0.113,38.8,49588.38326
"Stockholm",2020-06-15,141,75,53,30.63,-23.1,-6.61,21.23,-26.74,-4.27,-0.11,-31.77,-46.12,24.11,-28.34,-24.7,28.75,-26.14,-15.94,21.06,-27.55,-12.83,19.17,-29.34,-16.05,27.3,-24.52,-4.35,37.18,-3.72,-18.49,0,0,0,24.5914285714286,-31.0714285714286,-18.6957142857143,2377081,"6519.3",0.113,38.8,49588.38326
"Stockholm",2020-06-16,238,141,75,30.68,-22.03,-3.96,30.63,-23.1,-6.61,21.23,-26.74,-4.27,-0.11,-31.77,-46.12,24.11,-28.34,-24.7,28.75,-26.14,-15.94,21.06,-27.55,-12.83,19.17,-29.34,-16.05,30.48,-22.1,-28.99,0,0,0,25.0742857142857,-30.7157142857143,-18.64,2377081,"6519.3",0.113,38.8,49588.38326
"Stockholm",2020-06-17,379,238,141,35.71,-16.85,1.18,30.68,-22.03,-3.96,30.63,-23.1,-6.61,21.23,-26.74,-4.27,-0.11,-31.77,-46.12,24.11,-28.34,-24.7,28.75,-26.14,-15.94,21.06,-27.55,-12.83,39.42,-17.92,-25.07,0,0,0,27.4371428571429,-28.9314285714286,-16.1785714285714,2377081,"6519.3",0.113,38.8,49588.38326
"Stockholm",2020-06-18,425,379,238,38.69,-21.56,-1.64,35.71,-16.85,1.18,30.68,-22.03,-3.96,30.63,-23.1,-6.61,21.23,-26.74,-4.27,-0.11,-31.77,-46.12,24.11,-28.34,-24.7,28.75,-26.14,-15.94,36.56,-29.2,-28.18,0,0,0,29.9557142857143,-28.0757142857143,-14.58,2377081,"6519.3",0.113,38.8,49588.38326
"Stockholm",2020-06-19,449,425,379,30.07,-16.35,-9.8,38.69,-21.56,-1.64,35.71,-16.85,1.18,30.68,-22.03,-3.96,30.63,-23.1,-6.61,21.23,-26.74,-4.27,-0.11,-31.77,-46.12,24.11,-28.34,-24.7,-15.35,-48.06,-39.77,0,0,0,30.1442857142857,-26.6771428571429,-13.7028571428571,2377081,"6519.3",0.113,38.8,49588.38326
"Stockholm",2020-06-20,211,449,425,12.09,-23.07,-23.94,30.07,-16.35,-9.8,38.69,-21.56,-1.64,35.71,-16.85,1.18,30.68,-22.03,-3.96,30.63,-23.1,-6.61,21.23,-26.74,-4.27,-0.11,-31.77,-46.12,-28.16,-61.41,-49.42,0,0,1,28.4271428571429,-25.9242857142857,-13.5942857142857,2377081,"6519.3",0.113,38.8,49588.38326
"Tampa",2020-06-06,146,146,167,-14.78,-49.7,-33.54,-16.57,-49.33,-21.98,-12.37,-50.27,-10,-8.33,-47.3,-2.16,-12.81,-45.84,-4.8,-27.16,-52.37,-23.3,-9.84,-46.41,-12.32,-20.54,-46.82,-40.06,-22.66,-40.76,-52.06,0,0,1,-17.4857142857143,-55.4342857142857,-21.1657142857143,335709,"293.7",0.2,34.6,54599
"Tampa",2020-06-07,165,146,146,-7.21,-42.85,-7.72,-14.78,-49.7,-33.54,-16.57,-49.33,-21.98,-12.37,-50.27,-10,-8.33,-47.3,-2.16,-12.81,-45.84,-4.8,-27.16,-52.37,-23.3,-9.84,-46.41,-12.32,-8.28,-12.63,-47.14,0,0,1,-15.5814285714286,-54.8671428571429,-16.5457142857143,335709,"293.7",0.2,34.6,54599
"Tampa",2020-06-08,178,165,146,-11.89,-47.35,-5.87,-7.21,-42.85,-7.72,-14.78,-49.7,-33.54,-16.57,-49.33,-21.98,-12.37,-50.27,-10,-8.33,-47.3,-2.16,-12.81,-45.84,-4.8,-27.16,-52.37,-23.3,-5.25,-5.15,-41.75,0,0,0,-15.8742857142857,-55.0014285714286,-15.6242857142857,335709,"293.7",0.2,34.6,54599
"Tampa",2020-06-09,112,178,165,-10.65,-47.19,0.32,-11.89,-47.35,-5.87,-7.21,-42.85,-7.72,-14.78,-49.7,-33.54,-16.57,-49.33,-21.98,-12.37,-50.27,-10,-8.33,-47.3,-2.16,-12.81,-45.84,-4.8,-5.31,0.45,-40.38,0,0,0,-13.5157142857143,-54.2614285714286,-12.25,335709,"293.7",0.2,34.6,54599
"Tampa",2020-06-10,188,112,178,-12.08,-50.48,-11.1,-10.65,-47.19,0.32,-11.89,-47.35,-5.87,-7.21,-42.85,-7.72,-14.78,-49.7,-33.54,-16.57,-49.33,-21.98,-12.37,-50.27,-10,-8.33,-47.3,-2.16,-3.04,-2.72,-40.46,0,0,0,-13.4114285714286,-54.9242857142857,-13.15,335709,"293.7",0.2,34.6,54599
"Tampa",2020-06-11,280,188,112,-13.68,-51.81,-7.63,-12.08,-50.48,-11.1,-10.65,-47.19,0.32,-11.89,-47.35,-5.87,-7.21,-42.85,-7.72,-14.78,-49.7,-33.54,-16.57,-49.33,-21.98,-12.37,-50.27,-10,-3.5,-1.54,-43.03,0,0,0,-14.1757142857143,-55.5685714285714,-13.9314285714286,335709,"293.7",0.2,34.6,54599
"Tampa",2020-06-12,213,280,188,-14.45,-51.06,-18.68,-13.68,-51.81,-7.63,-12.08,-50.48,-11.1,-10.65,-47.19,0.32,-11.89,-47.35,-5.87,-7.21,-42.85,-7.72,-14.78,-49.7,-33.54,-16.57,-49.33,-21.98,-6.57,-5.75,-40.98,0,0,0,-14.4728571428571,-55.6814285714286,-15.1714285714286,335709,"293.7",0.2,34.6,54599
"Tampa",2020-06-13,390,213,280,-22.66,-52.06,-40.76,-14.45,-51.06,-18.68,-13.68,-51.81,-7.63,-12.08,-50.48,-11.1,-10.65,-47.19,0.32,-11.89,-47.35,-5.87,-7.21,-42.85,-7.72,-14.78,-49.7,-33.54,-7.65,-27.07,-47.76,0,0,1,-15.3428571428571,-56.0714285714286,-17.8542857142857,335709,"293.7",0.2,34.6,54599
"Tampa",2020-06-14,267,390,213,-8.28,-47.14,-12.63,-22.66,-52.06,-40.76,-14.45,-51.06,-18.68,-13.68,-51.81,-7.63,-12.08,-50.48,-11.1,-10.65,-47.19,0.32,-11.89,-47.35,-5.87,-7.21,-42.85,-7.72,4.63,-2.17,-32.18,0,0,1,-14.4142857142857,-55.7057142857143,-14.8671428571429,335709,"293.7",0.2,34.6,54599
"Tampa",2020-06-15,390,267,390,-5.25,-41.75,-5.15,-8.28,-47.14,-12.63,-22.66,-52.06,-40.76,-14.45,-51.06,-18.68,-13.68,-51.81,-7.63,-12.08,-50.48,-11.1,-10.65,-47.19,0.32,-11.89,-47.35,-5.87,3.37,3.97,-35.98,0,0,0,-14.1342857142857,-55.5485714285714,-14.5,335709,"293.7",0.2,34.6,54599
"Tampa",2020-06-16,359,390,267,-5.31,-40.38,0.45,-5.25,-41.75,-5.15,-8.28,-47.14,-12.63,-22.66,-52.06,-40.76,-14.45,-51.06,-18.68,-13.68,-51.81,-7.63,-12.08,-50.48,-11.1,-10.65,-47.19,0.32,-0.07,3.91,-39.25,0,0,0,-13.1942857142857,-54.5528571428571,-13.5971428571429,335709,"293.7",0.2,34.6,54599
"Tampa",2020-06-17,429,359,390,-3.04,-40.46,-2.72,-5.31,-40.38,0.45,-5.25,-41.75,-5.15,-8.28,-47.14,-12.63,-22.66,-52.06,-40.76,-14.45,-51.06,-18.68,-13.68,-51.81,-7.63,-12.08,-50.48,-11.1,1.18,7.42,-41.34,0,0,0,-12.1071428571429,-53.5914285714286,-14.0314285714286,335709,"293.7",0.2,34.6,54599
"Tampa",2020-06-18,588,429,359,-3.5,-43.03,-1.54,-3.04,-40.46,-2.72,-5.31,-40.38,0.45,-5.25,-41.75,-5.15,-8.28,-47.14,-12.63,-22.66,-52.06,-40.76,-14.45,-51.06,-18.68,-13.68,-51.81,-7.63,-2.48,-0.79,-44.39,0,0,0,-10.8814285714286,-52.5271428571429,-12.6657142857143,335709,"293.7",0.2,34.6,54599
"Tampa",2020-06-19,704,588,429,-6.57,-40.98,-5.75,-3.5,-43.03,-1.54,-3.04,-40.46,-2.72,-5.31,-40.38,0.45,-5.25,-41.75,-5.15,-8.28,-47.14,-12.63,-22.66,-52.06,-40.76,-14.45,-51.06,-18.68,-6.47,-13.05,-42.76,0,0,0,-9.86571428571429,-50.98,-12.3971428571429,335709,"293.7",0.2,34.6,54599
"Tampa",2020-06-20,699,704,588,-7.65,-47.76,-27.07,-6.57,-40.98,-5.75,-3.5,-43.03,-1.54,-3.04,-40.46,-2.72,-5.31,-40.38,0.45,-5.25,-41.75,-5.15,-8.28,-47.14,-12.63,-22.66,-52.06,-40.76,-5.77,-33.09,-46.4,0,0,1,-8.89428571428571,-50.5085714285714,-13.5957142857143,335709,"293.7",0.2,34.6,54599
"Toronto",2020-06-06,76,95,112,-16.89,-66.12,-31.51,-26.78,-72.28,-42.54,-23.14,-72.72,-43.43,-17.49,-68.25,-24.77,-14.69,-68.35,-22.94,-14.15,-67.78,-18.37,-17.07,-64.3,-14.78,-23,-69.12,-29.13,-13.01,-25.94,-63.13,0,0,1,-21.8871428571429,-78.4171428571428,-32.4957142857143,5928040,"5905.84",0.113,39.4,64023.37229
"Toronto",2020-06-07,94,76,95,-7.48,-61.34,-13.55,-16.89,-66.12,-31.51,-26.78,-72.28,-42.54,-23.14,-72.72,-43.43,-17.49,-68.25,-24.77,-14.69,-68.35,-22.94,-14.15,-67.78,-18.37,-17.07,-64.3,-14.78,-1.17,-1.62,-56.94,0,0,1,-19.67,-77.3057142857143,-30.27,5928040,"5905.84",0.113,39.4,64023.37229
"Toronto",2020-06-08,97,94,76,-11.02,-64.43,-13.94,-7.48,-61.34,-13.55,-16.89,-66.12,-31.51,-26.78,-72.28,-42.54,-23.14,-72.72,-43.43,-17.49,-68.25,-24.77,-14.69,-68.35,-22.94,-14.15,-67.78,-18.37,-5.46,-9.71,-61.4,0,0,0,-18.8057142857143,-77.3242857142857,-30.15,5928040,"5905.84",0.113,39.4,64023.37229
"Toronto",2020-06-08,97,97,94,-11.02,-64.43,-13.94,-7.48,-61.34,-13.55,-16.89,-66.12,-31.51,-26.78,-72.28,-42.54,-23.14,-72.72,-43.43,-17.49,-68.25,-24.77,-14.69,-68.35,-22.94,-14.15,-67.78,-18.37,-5.46,-9.71,-61.4,0,0,0,-18.8057142857143,-77.3242857142857,-30.15,5928040,"5905.84",0.113,39.4,64023.37229
"Toronto",2020-06-09,64,97,97,-15.82,-68.34,-28.1,-11.02,-64.43,-13.94,-7.48,-61.34,-13.55,-16.89,-66.12,-31.51,-26.78,-72.28,-42.54,-23.14,-72.72,-43.43,-17.49,-68.25,-24.77,-14.69,-68.35,-22.94,-4.21,-16.6,-62.23,0,0,0,-19.0442857142857,-77.4042857142857,-31.54,5928040,"5905.84",0.113,39.4,64023.37229
"Toronto",2020-06-09,74,64,97,-15.82,-68.34,-28.1,-11.02,-64.43,-13.94,-7.48,-61.34,-13.55,-16.89,-66.12,-31.51,-26.78,-72.28,-42.54,-23.14,-72.72,-43.43,-17.49,-68.25,-24.77,-14.69,-68.35,-22.94,-4.21,-16.6,-62.23,0,0,0,-19.0442857142857,-77.4042857142857,-31.54,5928040,"5905.84",0.113,39.4,64023.37229
"Toronto",2020-06-10,57,74,64,-16.8,-66.04,-24.65,-15.82,-68.34,-28.1,-11.02,-64.43,-13.94,-7.48,-61.34,-13.55,-16.89,-66.12,-31.51,-26.78,-72.28,-42.54,-23.14,-72.72,-43.43,-17.49,-68.25,-24.77,-9.16,-25.06,-63.1,0,0,0,-19.3457142857143,-77.0742857142857,-31.7842857142857,5928040,"5905.84",0.113,39.4,64023.37229
"Toronto",2020-06-10,73,57,74,-16.8,-66.04,-24.65,-15.82,-68.34,-28.1,-11.02,-64.43,-13.94,-7.48,-61.34,-13.55,-16.89,-66.12,-31.51,-26.78,-72.28,-42.54,-23.14,-72.72,-43.43,-17.49,-68.25,-24.77,-9.16,-25.06,-63.1,0,0,0,-19.3457142857143,-77.0742857142857,-31.7842857142857,5928040,"5905.84",0.113,39.4,64023.37229
"Toronto",2020-06-11,80,73,57,-10.67,-65.81,-19.51,-16.8,-66.04,-24.65,-15.82,-68.34,-28.1,-11.02,-64.43,-13.94,-7.48,-61.34,-13.55,-16.89,-66.12,-31.51,-26.78,-72.28,-42.54,-23.14,-72.72,-43.43,-4.87,-18.96,-64.38,0,0,0,-18.3714285714286,-76.7257142857143,-31.0328571428571,5928040,"5905.84",0.113,39.4,64023.37229
"Toronto",2020-06-11,92,80,73,-10.67,-65.81,-19.51,-16.8,-66.04,-24.65,-15.82,-68.34,-28.1,-11.02,-64.43,-13.94,-7.48,-61.34,-13.55,-16.89,-66.12,-31.51,-26.78,-72.28,-42.54,-23.14,-72.72,-43.43,-4.87,-18.96,-64.38,0,0,0,-18.3714285714286,-76.7257142857143,-31.0328571428571,5928040,"5905.84",0.113,39.4,64023.37229
"Toronto",2020-06-12,37,92,80,-17.54,-68.43,-32.79,-10.67,-65.81,-19.51,-16.8,-66.04,-24.65,-15.82,-68.34,-28.1,-11.02,-64.43,-13.94,-7.48,-61.34,-13.55,-16.89,-66.12,-31.51,-26.78,-72.28,-42.54,-8.87,-25.61,-64.54,0,0,0,-17.5714285714286,-76.1128571428572,-29.5128571428571,5928040,"5905.84",0.113,39.4,64023.37229
"Toronto",2020-06-12,70,37,92,-17.54,-68.43,-32.79,-10.67,-65.81,-19.51,-16.8,-66.04,-24.65,-15.82,-68.34,-28.1,-11.02,-64.43,-13.94,-7.48,-61.34,-13.55,-16.89,-66.12,-31.51,-26.78,-72.28,-42.54,-8.87,-25.61,-64.54,0,0,0,-17.5714285714286,-76.1128571428572,-29.5128571428571,5928040,"5905.84",0.113,39.4,64023.37229
"Toronto",2020-06-13,33,70,37,-13.01,-63.13,-25.94,-17.54,-68.43,-32.79,-10.67,-65.81,-19.51,-16.8,-66.04,-24.65,-15.82,-68.34,-28.1,-11.02,-64.43,-13.94,-7.48,-61.34,-13.55,-16.89,-66.12,-31.51,-5.43,-20,-60.3,0,0,1,-15.6042857142857,-74.8057142857143,-27.1414285714286,5928040,"5905.84",0.113,39.4,64023.37229
"Toronto",2020-06-13,39,33,70,-13.01,-63.13,-25.94,-17.54,-68.43,-32.79,-10.67,-65.81,-19.51,-16.8,-66.04,-24.65,-15.82,-68.34,-28.1,-11.02,-64.43,-13.94,-7.48,-61.34,-13.55,-16.89,-66.12,-31.51,-5.43,-20,-60.3,0,0,1,-15.6042857142857,-74.8057142857143,-27.1414285714286,5928040,"5905.84",0.113,39.4,64023.37229
"Toronto",2020-06-14,33,39,33,-1.17,-56.94,-1.62,-13.01,-63.13,-25.94,-17.54,-68.43,-32.79,-10.67,-65.81,-19.51,-16.8,-66.04,-24.65,-15.82,-68.34,-28.1,-11.02,-64.43,-13.94,-7.48,-61.34,-13.55,7.67,0.96,-53.78,0,0,1,-13.3585714285714,-73.4942857142857,-22.8714285714286,5928040,"5905.84",0.113,39.4,64023.37229
"Toronto",2020-06-14,57,33,39,-1.17,-56.94,-1.62,-13.01,-63.13,-25.94,-17.54,-68.43,-32.79,-10.67,-65.81,-19.51,-16.8,-66.04,-24.65,-15.82,-68.34,-28.1,-11.02,-64.43,-13.94,-7.48,-61.34,-13.55,7.67,0.96,-53.78,0,0,1,-13.3585714285714,-73.4942857142857,-22.8714285714286,5928040,"5905.84",0.113,39.4,64023.37229
"Toronto",2020-06-15,18,57,33,-5.46,-61.4,-9.71,-1.17,-56.94,-1.62,-13.01,-63.13,-25.94,-17.54,-68.43,-32.79,-10.67,-65.81,-19.51,-16.8,-66.04,-24.65,-15.82,-68.34,-28.1,-11.02,-64.43,-13.94,1.05,-7.24,-57.97,0,0,0,-13.07,-73.5028571428571,-22.3228571428571,5928040,"5905.84",0.113,39.4,64023.37229
"Toronto",2020-06-15,73,18,57,-5.46,-61.4,-9.71,-1.17,-56.94,-1.62,-13.01,-63.13,-25.94,-17.54,-68.43,-32.79,-10.67,-65.81,-19.51,-16.8,-66.04,-24.65,-15.82,-68.34,-28.1,-11.02,-64.43,-13.94,1.05,-7.24,-57.97,0,0,0,-13.07,-73.5028571428571,-22.3228571428571,5928040,"5905.84",0.113,39.4,64023.37229
"Toronto",2020-06-16,2,73,18,-4.21,-62.23,-16.6,-5.46,-61.4,-9.71,-1.17,-56.94,-1.62,-13.01,-63.13,-25.94,-17.54,-68.43,-32.79,-10.67,-65.81,-19.51,-16.8,-66.04,-24.65,-15.82,-68.34,-28.1,2.07,-12.65,-60.16,0,0,0,-12.0971428571429,-73.1885714285714,-22.7028571428571,5928040,"5905.84",0.113,39.4,64023.37229
"Toronto",2020-06-16,50,2,73,-4.21,-62.23,-16.6,-5.46,-61.4,-9.71,-1.17,-56.94,-1.62,-13.01,-63.13,-25.94,-17.54,-68.43,-32.79,-10.67,-65.81,-19.51,-16.8,-66.04,-24.65,-15.82,-68.34,-28.1,2.07,-12.65,-60.16,0,0,0,-12.0971428571429,-73.1885714285714,-22.7028571428571,5928040,"5905.84",0.113,39.4,64023.37229
"Toronto",2020-06-17,56,50,2,-9.16,-63.1,-25.06,-4.21,-62.23,-16.6,-5.46,-61.4,-9.71,-1.17,-56.94,-1.62,-13.01,-63.13,-25.94,-17.54,-68.43,-32.79,-10.67,-65.81,-19.51,-16.8,-66.04,-24.65,0.57,-12.16,-59.28,0,0,0,-11.1457142857143,-72.44,-22.2685714285714,5928040,"5905.84",0.113,39.4,64023.37229
"Toronto",2020-06-18,60,56,50,-4.87,-64.38,-18.96,-9.16,-63.1,-25.06,-4.21,-62.23,-16.6,-5.46,-61.4,-9.71,-1.17,-56.94,-1.62,-13.01,-63.13,-25.94,-17.54,-68.43,-32.79,-10.67,-65.81,-19.51,1.8,-13.47,-60.34,0,0,0,-9.44142857142857,-72.2028571428571,-21.4557142857143,5928040,"5905.84",0.113,39.4,64023.37229
"Toronto",2020-06-19,49,60,56,-8.87,-64.54,-25.61,-4.87,-64.38,-18.96,-9.16,-63.1,-25.06,-4.21,-62.23,-16.6,-5.46,-61.4,-9.71,-1.17,-56.94,-1.62,-13.01,-63.13,-25.94,-17.54,-68.43,-32.79,-1.34,-20.78,-60.58,0,0,0,-9.18428571428571,-72.0214285714286,-22.3271428571429,5928040,"5905.84",0.113,39.4,64023.37229
"Toronto",2020-06-20,41,49,60,-5.43,-60.3,-20,-8.87,-64.54,-25.61,-4.87,-64.38,-18.96,-9.16,-63.1,-25.06,-4.21,-62.23,-16.6,-5.46,-61.4,-9.71,-1.17,-56.94,-1.62,-13.01,-63.13,-25.94,3.3,-19.77,-55.62,0,0,1,-7.45428571428571,-70.86,-20.5,5928040,"5905.84",0.113,39.4,64023.37229
