"city","date","newCases","casesTminus1","casesTminus2","holidayWeekend","marchBreak","drivingMinus7","walkingMinus7","transitMinus7","driving","walking","transit"
"Baltimore",2020-03-07,1,0,0,0,0,129.04,160.06,88.39,135.35,181.57,96.92
"Baltimore",2020-03-08,0,1,0,0,0,96.19,107.55,76.84,97.77,114.78,79.35
"Baltimore",2020-03-09,0,0,1,0,0,108.06,105.48,105.43,116.79,124.88,109.82
"Baltimore",2020-03-10,1,0,0,0,0,110.49,111.09,105.54,114.83,117.14,100.2
"Baltimore",2020-03-11,0,1,0,0,0,118.67,122.63,109.63,112.13,109.94,100.41
"Baltimore",2020-03-12,2,0,1,0,0,120.94,124.64,105.86,107.58,112.53,95
"Baltimore",2020-03-13,3,2,0,0,0,137.42,150.7,109.75,118.11,129.52,94.35
"Baltimore",2020-03-14,3,3,2,0,0,135.35,181.57,96.92,102.79,134.39,79.14
"Baltimore",2020-03-15,1,3,3,0,0,97.77,114.78,79.35,72.35,78.6,61.47
"Baltimore",2020-03-16,5,1,3,0,0,116.79,124.88,109.82,80.66,80.15,67.59
"Baltimore",2020-03-17,14,5,1,0,0,114.83,117.14,100.2,73.78,75.74,64.65
"Baltimore",2020-03-18,16,14,5,0,0,112.13,109.94,100.41,72.76,72.46,64.15
"Baltimore",2020-03-19,15,16,14,0,0,107.58,112.53,95,71,75.84,58.67
"Baltimore",2020-03-20,17,15,16,0,0,118.11,129.52,94.35,81.25,88.73,54.07
"Baltimore",2020-03-21,26,17,15,0,0,102.79,134.39,79.14,66.9,71.22,46.9
"Baltimore",2020-03-22,19,26,17,0,0,72.35,78.6,61.47,51.11,55.82,41.94
"Baltimore",2020-03-23,25,19,26,0,0,80.66,80.15,67.59,56.06,55.68,45.69
"Baltimore",2020-03-24,33,25,19,0,0,73.78,75.74,64.65,57.77,63.5,48.68
"Baltimore",2020-03-25,80,33,25,0,0,72.76,72.46,64.15,54.51,52.69,45.06
"Baltimore",2020-03-26,98,80,33,0,0,71,75.84,58.67,63.21,70.07,48.84
"Baltimore",2020-03-27,160,98,80,0,0,81.25,88.73,54.07,71.04,76.98,49.58
"Baltimore",2020-03-28,62,160,98,0,0,66.9,71.22,46.9,56.84,59.94,42.36
"Baltimore",2020-03-29,74,62,160,0,0,51.11,55.82,41.94,47.76,51.84,38.72
"Baltimore",2020-03-30,126,74,62,0,0,56.06,55.68,45.69,59.61,62.61,44.81
"Baltimore",2020-03-31,132,126,74,0,0,57.77,63.5,48.68,48.63,51.81,38.42
"Baltimore",2020-04-01,213,132,126,0,0,54.51,52.69,45.06,53.52,54.13,39.56
"Baltimore",2020-04-02,211,213,132,0,0,63.21,70.07,48.84,55.55,57.55,41.13
"Baltimore",2020-04-03,157,211,213,0,0,71.04,76.98,49.58,65.39,67.62,41.69
"Baltimore",2020-04-04,215,157,211,0,0,56.84,59.94,42.36,56.74,62.17,37.26
"Baltimore",2020-04-05,151,215,157,0,0,47.76,51.84,38.72,48.42,59.6,36.81
"Baltimore",2020-04-06,90,151,215,0,0,59.61,62.61,44.81,58.06,64.08,41.77
"Baltimore",2020-04-07,515,90,151,0,0,48.63,51.81,38.42,56.65,59.76,40.84
"Baltimore",2020-04-08,277,515,90,0,0,53.52,54.13,39.56,60.55,67.14,43.28
"Baltimore",2020-04-09,233,277,515,0,0,55.55,57.55,41.13,58.9,61.21,42.21
"Baltimore",2020-04-10,273,233,277,0,0,65.39,67.62,41.69,67.62,64.36,39.71
"Baltimore",2020-04-11,235,273,233,0,0,56.74,62.17,37.26,63.71,70.33,38.93
"Baltimore",2020-04-12,272,235,273,0,0,48.42,59.6,36.81,45.61,52.61,34.52
"Baltimore",2020-04-13,195,272,235,0,0,58.06,64.08,41.77,54.58,54.97,40.84
"Baltimore",2020-04-14,315,195,272,0,0,56.65,59.76,40.84,61.85,62.05,44.52
"Baltimore",2020-04-15,244,315,195,0,0,60.55,67.14,43.28,67.35,68.13,44.05
"Baltimore",2020-04-16,283,244,315,0,0,58.9,61.21,42.21,68.11,65.61,41.14
"Baltimore",2020-04-17,316,283,244,0,0,67.62,64.36,39.71,78.93,75.96,42.86
"Baltimore",2020-04-18,151,316,283,0,0,63.71,70.33,38.93,70.45,70.98,36.18
"Baltimore",2020-04-19,374,151,316,0,0,45.61,52.61,34.52,59.35,65.6,38.09
"Baltimore",2020-04-20,171,374,151,0,0,54.58,54.97,40.84,69.6,71.24,46.14
"Baltimore",2020-04-21,263,171,374,0,0,61.85,62.05,44.52,65.67,65.8,41.58
"Baltimore",2020-04-22,346,263,171,0,0,67.35,68.13,44.05,71.43,72.16,44.12
"Baltimore",2020-04-23,297,346,263,0,0,68.11,65.61,41.14,69.95,66.27,40.18
"Baltimore",2020-04-24,354,297,346,0,0,78.93,75.96,42.86,77.55,74.12,42.81
"Baltimore",2020-04-25,323,354,297,0,0,70.45,70.98,36.18,77.51,82.44,39.24
"Baltimore",2020-04-26,258,323,354,0,0,59.35,65.6,38.09,55.16,54.35,35.5
"Baltimore",2020-04-27,201,258,323,0,0,69.6,71.24,46.14,68.52,67.9,48.93
"Baltimore",2020-04-28,285,201,258,0,0,65.67,65.8,41.58,71.32,71.93,42.85
"Baltimore",2020-04-29,298,285,201,0,0,71.43,72.16,44.12,76.67,79.2,43.33
"Baltimore",2020-04-30,435,298,285,0,0,69.95,66.27,40.18,70.62,64.57,38.45
"Boston",2020-02-29,1,0,0,0,0,114.81,163.65,123.07,120.81,157.8,121.56
"Boston",2020-03-01,1,1,0,0,0,88.86,114.38,90.72,92.44,104.03,90.25
"Boston",2020-03-02,0,1,1,0,0,97.75,105.75,98.85,97.76,100,96.94
"Boston",2020-03-03,0,0,1,0,0,102.46,104.98,103.5,108.66,124.15,105.92
"Boston",2020-03-04,1,0,0,0,0,104.67,107.75,104.59,103.24,101.16,98.23
"Boston",2020-03-05,5,1,0,0,0,112.25,115.23,113.24,110.35,120.16,105.63
"Boston",2020-03-06,5,5,1,0,0,126.72,140.48,126.75,121.4,135.67,110.78
"Boston",2020-03-07,14,5,5,0,0,120.81,157.8,121.56,113.53,147.03,104.82
"Boston",2020-03-08,9,14,5,0,0,92.44,104.03,90.25,91.06,109.47,87.85
"Boston",2020-03-09,50,9,14,0,0,97.76,100,96.94,100.2,117.26,98.17
"Boston",2020-03-10,0,50,9,0,0,108.66,124.15,105.92,98.55,103.21,91.27
"Boston",2020-03-11,14,0,50,0,0,103.24,101.16,98.23,96.6,94.67,82.99
"Boston",2020-03-12,16,14,0,0,0,110.35,120.16,105.63,90.89,82.12,67.58
"Boston",2020-03-13,13,16,14,0,0,121.4,135.67,110.78,92.56,80.72,60.01
"Boston",2020-03-14,26,13,16,0,0,113.53,147.03,104.82,80.61,92.01,55.73
"Boston",2020-03-15,28,26,13,0,0,91.06,109.47,87.85,59.66,61.07,40.6
"Boston",2020-03-16,18,28,26,0,0,100.2,117.26,98.17,64.49,48.95,38.33
"Boston",2020-03-17,31,18,28,0,0,98.55,103.21,91.27,54.72,41.07,30.97
"Boston",2020-03-18,53,31,18,0,0,96.6,94.67,82.99,56.98,49.23,30.1
"Boston",2020-03-19,70,53,31,0,0,90.89,82.12,67.58,49.03,31.78,25.85
"Boston",2020-03-20,86,70,53,0,0,92.56,80.72,60.01,58.15,48.03,26.2
"Boston",2020-03-21,75,86,70,0,0,80.61,92.01,55.73,50.53,45.45,23.17
"Boston",2020-03-22,99,75,86,0,0,59.66,61.07,40.6,37.86,31.83,19.83
"Boston",2020-03-23,281,99,75,0,0,64.49,48.95,38.33,42.31,28.69,19.95
"Boston",2020-03-24,455,281,99,0,0,54.72,41.07,30.97,40.65,33.86,18.96
"Boston",2020-03-25,386,455,281,0,0,56.98,49.23,30.1,38.33,29.46,18.18
"Boston",2020-03-26,595,386,455,0,0,49.03,31.78,25.85,42.77,37.53,19.53
"Boston",2020-03-27,685,595,386,0,0,58.15,48.03,26.2,49.56,44.49,20.19
"Boston",2020-03-28,464,685,595,0,0,50.53,45.45,23.17,44.67,40.83,18.9
"Boston",2020-03-29,574,464,685,0,0,37.86,31.83,19.83,29.68,21,16.24
"Boston",2020-03-30,804,574,464,0,0,42.31,28.69,19.95,37.99,27.39,18.84
"Boston",2020-03-31,806,804,574,0,0,40.65,33.86,18.96,41.51,34.09,18.78
"Boston",2020-04-01,904,806,804,0,0,38.33,29.46,18.18,41.16,30.71,17.36
"Boston",2020-04-02,1070,904,806,0,0,42.77,37.53,19.53,38.93,26.29,17.07
"Boston",2020-04-03,1011,1070,904,0,0,49.56,44.49,20.19,41.89,26.37,15.84
"Boston",2020-04-04,654,1011,1070,0,0,44.67,40.83,18.9,43.16,38.38,17.64
"Boston",2020-04-05,969,654,1011,0,0,29.68,21,16.24,35.41,33.28,16.11
"Boston",2020-04-06,1087,969,654,0,0,37.99,27.39,18.84,42.53,38.33,18.3
"Boston",2020-04-07,1309,1087,969,0,0,41.51,34.09,18.78,43.91,38.9,18.38
"Boston",2020-04-08,1593,1309,1087,0,0,41.16,30.71,17.36,40.27,31.05,17.65
"Boston",2020-04-09,1640,1593,1309,0,0,38.93,26.29,17.07,39.41,25.67,17.14
"Boston",2020-04-10,1368,1640,1593,0,0,41.89,26.37,15.84,48.47,33.48,17.16
"Boston",2020-04-11,1996,1368,1640,0,0,43.16,38.38,17.64,47.59,38.84,17.21
"Boston",2020-04-12,1109,1996,1368,0,0,35.41,33.28,16.11,31.69,31.06,15.27
"Boston",2020-04-13,968,1109,1996,0,0,42.53,38.33,18.3,35.54,22.49,17.35
"Boston",2020-04-14,1409,968,1109,0,0,43.91,38.9,18.38,47.43,37.78,18.3
"Boston",2020-04-15,1836,1409,968,0,0,40.27,31.05,17.65,46.97,34.86,19.35
"Boston",2020-04-16,1621,1836,1409,0,0,39.41,25.67,17.14,46.27,31.34,16.55
"Boston",2020-04-17,1603,1621,1836,0,0,48.47,33.48,17.16,53.2,36.18,17.61
"Boston",2020-04-18,1346,1603,1621,0,0,47.59,38.84,17.21,41.13,26.89,16.55
"Boston",2020-04-19,1241,1346,1603,0,0,31.69,31.06,15.27,45.87,42.68,17.71
"Boston",2020-04-20,1121,1241,1346,0,0,35.54,22.49,17.35,45.71,34.34,18.3
"Boston",2020-04-21,1519,1121,1241,0,0,47.43,37.78,18.3,44.37,29.52,18.15
"Boston",2020-04-22,2387,1519,1121,0,0,46.97,34.86,19.35,47.5,31.56,17.89
"Boston",2020-04-23,3653,2387,1519,0,0,46.27,31.34,16.55,52.44,37.75,18.5
"Boston",2020-04-24,1878,3653,2387,0,0,53.2,36.18,17.61,50.9,31.24,16.91
"Boston",2020-04-25,1257,1878,3653,0,0,41.13,26.89,16.55,58.4,51.1,18.82
"Boston",2020-04-26,1110,1257,1878,0,0,45.87,42.68,17.71,38.06,26.79,15.58
"Boston",2020-04-27,1313,1110,1257,0,0,45.71,34.34,18.3,42.24,25.58,17.92
"Boston",2020-04-28,1461,1313,1110,0,0,44.37,29.52,18.15,50.86,36.04,19.41
"Boston",2020-04-29,1485,1461,1313,0,0,47.5,31.56,17.89,54.1,40.25,19.37
"Boston",2020-04-30,1595,1485,1461,0,0,52.44,37.75,18.5,50.73,33.25,17.9
"Chicago",2020-02-29,3,0,0,0,0,138.5,197.98,119.65,142.31,190.37,119.67
"Chicago",2020-03-01,1,3,0,0,0,100.83,132.62,92.28,105.39,137.23,90.08
"Chicago",2020-03-02,0,1,3,0,0,99.41,94.5,95.35,105.25,110.47,100.09
"Chicago",2020-03-03,0,0,1,0,0,100.35,91.12,96.83,108.28,110.86,101.8
"Chicago",2020-03-04,1,0,0,0,0,103.39,95.13,98.87,110.71,115.71,103.07
"Chicago",2020-03-05,1,1,0,0,0,114.33,111.01,107.54,116.43,121.4,107.55
"Chicago",2020-03-06,0,1,1,0,0,139.02,153.08,125.54,137.62,152.14,121.35
"Chicago",2020-03-07,1,0,1,0,0,142.31,190.37,119.67,144.91,210.66,120.36
"Chicago",2020-03-08,4,1,0,0,0,105.39,137.23,90.08,107.11,152.32,92.86
"Chicago",2020-03-09,8,4,1,0,0,105.25,110.47,100.09,105.68,99.89,99.12
"Chicago",2020-03-10,6,8,4,0,0,108.28,110.86,101.8,109.76,114.13,102
"Chicago",2020-03-11,7,6,8,0,0,110.71,115.71,103.07,107.34,109.88,97.18
"Chicago",2020-03-12,14,7,6,0,0,116.43,121.4,107.55,105.61,113.02,90.19
"Chicago",2020-03-13,14,14,7,0,0,137.62,152.14,121.35,118.59,145.88,92.55
"Chicago",2020-03-14,25,14,14,0,0,144.91,210.66,120.36,104.18,154.52,71.48
"Chicago",2020-03-15,8,25,14,0,0,107.11,152.32,92.86,73.81,85.03,51.63
"Chicago",2020-03-16,60,8,25,0,0,105.68,99.89,99.12,79.01,64.43,48.56
"Chicago",2020-03-17,116,60,8,0,0,109.76,114.13,102,73.67,69.29,41.09
"Chicago",2020-03-18,135,116,60,0,0,107.34,109.88,97.18,64.5,47.92,33.64
"Chicago",2020-03-19,158,135,116,0,0,105.61,113.02,90.19,62.72,47.39,31.04
"Chicago",2020-03-20,164,158,135,0,0,118.59,145.88,92.55,68.97,52.42,29.79
"Chicago",2020-03-21,298,164,158,0,0,104.18,154.52,71.48,51.2,44.05,23.26
"Chicago",2020-03-22,176,298,164,0,0,73.81,85.03,51.63,33.74,30.86,19.23
"Chicago",2020-03-23,307,176,298,0,0,79.01,64.43,48.56,44.91,38.71,23.17
"Chicago",2020-03-24,333,307,176,0,0,73.67,69.29,41.09,48.52,43.43,23.53
"Chicago",2020-03-25,652,333,307,0,0,64.5,47.92,33.64,52.11,52.92,24.42
"Chicago",2020-03-26,497,652,333,0,0,62.72,47.39,31.04,49.1,39.76,22.26
"Chicago",2020-03-27,507,497,652,0,0,68.97,52.42,29.79,54.99,44.42,23.87
"Chicago",2020-03-28,1029,507,497,0,0,51.2,44.05,23.26,47.85,41.54,21.64
"Chicago",2020-03-29,433,1029,507,0,0,33.74,30.86,19.23,38.57,34.73,20.57
"Chicago",2020-03-30,948,433,1029,0,0,44.91,38.71,23.17,49.45,42.66,22.72
"Chicago",2020-03-31,965,948,433,0,0,48.52,43.43,23.53,50.11,40.45,22.37
"Chicago",2020-04-01,698,965,948,0,0,52.11,52.92,24.42,51.83,46.02,21.76
"Chicago",2020-04-02,1190,698,965,0,0,49.1,39.76,22.26,53.18,49.62,22.58
"Chicago",2020-04-03,1443,1190,698,0,0,54.99,44.42,23.87,60.69,58.08,23.05
"Chicago",2020-04-04,849,1443,1190,0,0,47.85,41.54,21.64,51.68,47.03,20.35
"Chicago",2020-04-05,940,849,1443,0,0,38.57,34.73,20.57,42.15,43.43,19.46
"Chicago",2020-04-06,1222,940,849,0,0,49.45,42.66,22.72,50.47,45.63,21.63
"Chicago",2020-04-07,1433,1222,940,0,0,50.11,40.45,22.37,54.89,59.13,23.4
"Chicago",2020-04-08,1273,1433,1222,0,0,51.83,46.02,21.76,52.65,46.38,22.1
"Chicago",2020-04-09,1395,1273,1433,0,0,53.18,49.62,22.58,54.2,43.13,21.57
"Chicago",2020-04-10,1332,1395,1273,0,0,60.69,58.08,23.05,62.27,53.01,22.89
"Chicago",2020-04-11,1654,1332,1395,0,0,51.68,47.03,20.35,57.07,54.02,21
"Chicago",2020-04-12,1178,1654,1332,0,0,42.15,43.43,19.46,38.31,38.82,18.1
"Chicago",2020-04-13,1190,1178,1654,0,0,50.47,45.63,21.63,52.4,42.32,22.65
"Chicago",2020-04-14,1336,1190,1178,0,0,54.89,59.13,23.4,54.24,41.34,22.24
"Chicago",2020-04-15,1142,1336,1190,0,0,52.65,46.38,22.1,58.82,41.05,21.46
"Chicago",2020-04-16,1780,1142,1336,0,0,54.2,43.13,21.57,60.37,47.57,22.3
"Chicago",2020-04-17,1484,1780,1142,0,0,62.27,53.01,22.89,63.03,46.64,21.91
"Chicago",2020-04-18,1113,1484,1780,0,0,57.07,54.02,21,66.6,62.15,22.47
"Chicago",2020-04-19,1139,1113,1484,0,0,38.31,38.82,18.1,52.76,53.67,21.57
"Chicago",2020-04-20,1429,1139,1113,0,0,52.4,42.32,22.65,63.72,56.26,24.87
"Chicago",2020-04-21,1842,1429,1139,0,0,54.24,41.34,22.24,62,50.12,23.54
"Chicago",2020-04-22,1808,1842,1429,0,0,58.82,41.05,21.46,61.3,46.18,23.36
"Chicago",2020-04-23,2583,1808,1842,0,0,60.37,47.57,22.3,64.21,48.73,23.31
"Chicago",2020-04-24,1986,2583,1808,0,0,63.03,46.64,21.91,71.76,55.14,22.93
"Chicago",2020-04-25,1931,1986,2583,0,0,66.6,62.15,22.47,64.36,46.7,21.12
"Chicago",2020-04-26,1879,1931,1986,0,0,52.76,53.67,21.57,57.52,56.41,21.61
"Chicago",2020-04-27,2109,1879,1931,0,0,63.72,56.26,24.87,62.12,48.9,23.38
"Chicago",2020-04-28,2134,2109,1879,0,0,62,50.12,23.54,64.69,52.88,23.51
"Chicago",2020-04-29,2357,2134,2109,0,0,61.3,46.18,23.36,62.47,42.55,22.92
"Chicago",2020-04-30,3123,2357,2134,0,0,64.21,48.73,23.31,68.94,52.79,24.02
"Cleveland",2020-03-08,3,0,0,0,0,97.97,100.05,66.8,102.14,120.21,67.84
"Cleveland",2020-03-09,0,3,0,0,0,106.14,102.52,98.53,109.53,117.66,96.3
"Cleveland",2020-03-10,0,0,3,0,0,110.88,110.17,105.43,108.85,113.19,97.46
"Cleveland",2020-03-11,0,0,0,0,0,113.89,116.12,98.72,108.71,109.73,90.09
"Cleveland",2020-03-12,8,0,0,0,0,121.95,125.92,101.51,104.51,111.5,87.77
"Cleveland",2020-03-13,1,8,0,0,0,136.16,146.63,101.55,113.76,119.79,90.97
"Cleveland",2020-03-14,5,1,8,0,0,141.22,186.32,80.31,100.56,117.23,65.62
"Cleveland",2020-03-15,13,5,1,0,0,102.14,120.21,67.84,71.16,78.62,53.16
"Cleveland",2020-03-16,10,13,5,0,0,109.53,117.66,96.3,81.41,90.45,68.99
"Cleveland",2020-03-17,11,10,13,0,0,108.85,113.19,97.46,77.12,84.47,61.88
"Cleveland",2020-03-18,16,11,10,0,0,108.71,109.73,90.09,72.44,76.52,57.09
"Cleveland",2020-03-19,21,16,11,0,0,104.51,111.5,87.77,72.32,80.65,53.6
"Cleveland",2020-03-20,32,21,16,0,0,113.76,119.79,90.97,78.69,88.48,57.97
"Cleveland",2020-03-21,42,32,21,0,0,100.56,117.23,65.62,65.97,69.3,41.01
"Cleveland",2020-03-22,36,42,32,0,0,71.16,78.62,53.16,52.6,60.87,40.44
"Cleveland",2020-03-23,30,36,42,0,0,81.41,90.45,68.99,59.66,66.1,44.18
"Cleveland",2020-03-24,55,30,36,0,0,77.12,84.47,61.88,52.53,62.53,43.76
"Cleveland",2020-03-25,70,55,30,0,0,72.44,76.52,57.09,58.38,75.1,43.84
"Cleveland",2020-03-26,102,70,55,0,0,72.32,80.65,53.6,63.09,81.88,43.39
"Cleveland",2020-03-27,61,102,70,0,0,78.69,88.48,57.97,66.62,76.35,42.82
"Cleveland",2020-03-28,104,61,102,0,0,65.97,69.3,41.01,55.86,64.17,36.3
"Cleveland",2020-03-29,64,104,61,0,0,52.6,60.87,40.44,52.11,67.55,36.95
"Cleveland",2020-03-30,48,64,104,0,0,59.66,66.1,44.18,58.32,63.49,40.47
"Cleveland",2020-03-31,74,48,64,0,0,52.53,62.53,43.76,61.14,70.98,42.45
"Cleveland",2020-04-01,110,74,48,0,0,58.38,75.1,43.84,63.38,73.9,43.19
"Cleveland",2020-04-02,132,110,74,0,0,63.09,81.88,43.39,66.97,83.55,43.36
"Cleveland",2020-04-03,26,132,110,0,0,66.62,76.35,42.82,76.38,90.02,44.81
"Cleveland",2020-04-04,57,26,132,0,0,55.86,64.17,36.3,72.06,89.75,39.22
"Cleveland",2020-04-05,67,57,26,0,0,52.11,67.55,36.95,50.02,59.5,34.86
"Cleveland",2020-04-06,50,67,57,0,0,58.32,63.49,40.47,65.87,80.84,42.14
"Cleveland",2020-04-07,85,50,67,0,0,61.14,70.98,42.45,63.32,76.92,41.06
"Cleveland",2020-04-08,72,85,50,0,0,63.38,73.9,43.19,70.1,85.64,42.43
"Cleveland",2020-04-09,57,72,85,0,0,66.97,83.55,43.36,66.42,75.47,40.47
"Cleveland",2020-04-10,84,57,72,0,0,76.38,90.02,44.81,76.01,83.42,40.21
"Cleveland",2020-04-11,67,84,57,0,0,72.06,89.75,39.22,76.9,92.79,39.9
"Cleveland",2020-04-12,65,67,84,0,0,50.02,59.5,34.86,44.98,56.33,34.05
"Cleveland",2020-04-13,58,65,67,0,0,65.87,80.84,42.14,62.22,69.32,41.26
"Cleveland",2020-04-14,76,58,65,0,0,63.32,76.92,41.06,68.67,74.17,42.26
"Cleveland",2020-04-15,85,76,58,0,0,70.1,85.64,42.43,73.61,76.27,36.04
"Cleveland",2020-04-16,87,85,76,0,0,66.42,75.47,40.47,75.62,80.39,39.37
"Cleveland",2020-04-17,121,87,85,0,0,76.01,83.42,40.21,77.17,81.09,38.02
"Cleveland",2020-04-18,23,121,87,0,0,76.9,92.79,39.9,81.85,88.89,37.04
"Cleveland",2020-04-19,131,23,121,0,0,44.98,56.33,34.05,64.59,77.01,32.8
"Cleveland",2020-04-20,108,131,23,0,0,62.22,69.32,41.26,81.34,94.86,47.19
"Cleveland",2020-04-21,83,108,131,0,0,68.67,74.17,42.26,74.29,79.81,39.5
"Cleveland",2020-04-22,77,83,108,0,0,73.61,76.27,36.04,76.87,76.98,39.13
"Cleveland",2020-04-23,85,77,83,0,0,75.62,80.39,39.37,82.1,87.25,41.32
"Cleveland",2020-04-24,67,85,77,0,0,77.17,81.09,38.02,93.15,98.64,43.12
"Cleveland",2020-04-25,54,67,85,0,0,81.85,88.89,37.04,91.34,106.95,42.1
"Cleveland",2020-04-26,63,54,67,0,0,64.59,77.01,32.8,61.34,67.3,33.82
"Cleveland",2020-04-27,64,63,54,0,0,81.34,94.86,47.19,84.83,98.46,43.25
"Cleveland",2020-04-28,71,64,63,0,0,74.29,79.81,39.5,85.62,95.97,42.94
"Cleveland",2020-04-29,136,71,64,0,0,76.87,76.98,39.13,83.3,91.57,41.6
"Cleveland",2020-04-30,117,136,71,0,0,82.1,87.25,41.32,85.63,90.8,43.48
"Denver",2020-03-04,2,0,0,0,0,109.3,111.01,103.26,113.81,120.63,112.72
"Denver",2020-03-05,4,2,0,0,0,114.12,120.96,106.2,116.64,128.22,109.61
"Denver",2020-03-06,0,4,2,0,0,131.68,157.76,112.45,132.42,179.63,118.11
"Denver",2020-03-07,0,0,4,0,0,120.01,166.3,95.73,125.28,204.48,99.16
"Denver",2020-03-08,2,0,0,0,0,85.78,105.99,77.68,89.6,132.15,77.63
"Denver",2020-03-09,3,2,0,0,0,100.18,104.05,103.97,105.03,126.11,106.22
"Denver",2020-03-10,5,3,2,0,0,112.41,121,110.11,107.23,117.31,98.87
"Denver",2020-03-11,6,5,3,0,0,113.81,120.63,112.72,108.23,122.38,101.21
"Denver",2020-03-12,17,6,5,0,0,116.64,128.22,109.61,102.67,109.12,88.39
"Denver",2020-03-13,14,17,6,0,0,132.42,179.63,118.11,99.99,108.75,78.2
"Denver",2020-03-14,17,14,17,0,0,125.28,204.48,99.16,88.11,125.57,65.81
"Denver",2020-03-15,7,17,14,0,0,89.6,132.15,77.63,65.53,83.29,53.52
"Denver",2020-03-16,20,7,17,0,0,105.03,126.11,106.22,75.34,79.96,62.4
"Denver",2020-03-17,18,20,7,0,0,107.23,117.31,98.87,65.22,65.9,51.33
"Denver",2020-03-18,30,18,20,0,0,108.23,122.38,101.21,64.88,67.2,48.97
"Denver",2020-03-19,33,30,18,0,0,102.67,109.12,88.39,46.19,39.26,34.89
"Denver",2020-03-20,52,33,30,0,0,99.99,108.75,78.2,53.28,49.03,35.63
"Denver",2020-03-21,50,52,33,0,0,88.11,125.57,65.81,50.19,53.56,37.14
"Denver",2020-03-22,63,50,52,0,0,65.53,83.29,53.52,41.62,49.55,30.22
"Denver",2020-03-23,67,63,50,0,0,75.34,79.96,62.4,52.66,55.2,39.14
"Denver",2020-03-24,96,67,63,0,0,65.22,65.9,51.33,52.01,57.58,36.2
"Denver",2020-03-25,140,96,67,0,0,64.88,67.2,48.97,48.82,55.27,35.34
"Denver",2020-03-26,149,140,96,0,0,46.19,39.26,34.89,42.03,47.62,30.2
"Denver",2020-03-27,168,149,140,0,0,53.28,49.03,35.63,44.33,42.57,28.79
"Denver",2020-03-28,137,168,149,0,0,50.19,53.56,37.14,39.63,46.54,26.37
"Denver",2020-03-29,229,137,168,0,0,41.62,49.55,30.22,33.19,43.34,23.44
"Denver",2020-03-30,225,229,137,0,0,52.66,55.2,39.14,43.43,47.3,29.2
"Denver",2020-03-31,176,225,229,0,0,52.01,57.58,36.2,47.05,55.43,30.53
"Denver",2020-04-01,214,176,225,0,0,48.82,55.27,35.34,46.98,53.11,31.18
"Denver",2020-04-02,253,214,176,0,0,42.03,47.62,30.2,41.05,37.42,24.58
"Denver",2020-04-03,200,253,214,0,0,44.33,42.57,28.79,47.55,47.06,27.51
"Denver",2020-04-04,202,200,253,0,0,39.63,46.54,26.37,45.45,55.69,26.85
"Denver",2020-04-05,104,202,200,0,0,33.19,43.34,23.44,38.21,51.8,26.2
"Denver",2020-04-06,169,104,202,0,0,43.43,47.3,29.2,48.32,54.88,31.85
"Denver",2020-04-07,164,169,104,0,0,47.05,55.43,30.53,49.29,56.21,30.37
"Denver",2020-04-08,364,164,169,0,0,46.98,53.11,31.18,49.61,55.56,30.78
"Denver",2020-04-09,251,364,164,0,0,41.05,37.42,24.58,49.98,53.17,29.81
"Denver",2020-04-10,233,251,364,0,0,47.55,47.06,27.51,57.51,60.19,31.67
"Denver",2020-04-11,269,233,251,0,0,45.45,55.69,26.85,51.05,63.12,28.71
"Denver",2020-04-12,234,269,233,0,0,38.21,51.8,26.2,26.27,25.56,18.93
"Denver",2020-04-13,167,234,269,0,0,48.32,54.88,31.85,39.15,34.66,24.89
"Denver",2020-04-14,190,167,234,0,0,49.29,56.21,30.37,46.61,45.13,29.27
"Denver",2020-04-15,271,190,167,0,0,49.61,55.56,30.78,52.83,50.41,28.65
"Denver",2020-04-16,277,271,190,0,0,49.98,53.17,29.81,41.27,37.68,23.02
"Denver",2020-04-17,255,277,271,0,0,57.51,60.19,31.67,57.4,57.68,28.47
"Denver",2020-04-18,155,255,277,0,0,51.05,63.12,28.71,52.68,55.43,25.28
"Denver",2020-04-19,261,155,255,0,0,26.27,25.56,18.93,45.22,53.42,28.48
"Denver",2020-04-20,229,261,155,0,0,39.15,34.66,24.89,55.82,61.9,36.96
"Denver",2020-04-21,237,229,261,0,0,46.61,45.13,29.27,54.82,58.44,34.13
"Denver",2020-04-22,281,237,229,0,0,52.83,50.41,28.65,56.76,58.77,33.66
"Denver",2020-04-23,702,281,237,0,0,41.27,37.68,23.02,58.96,58.81,31.71
"Denver",2020-04-24,304,702,281,0,0,57.4,57.68,28.47,65.02,62.7,32.94
"Denver",2020-04-25,266,304,702,0,0,52.68,55.43,25.28,61.35,68.56,29.37
"Denver",2020-04-26,257,266,304,0,0,45.22,53.42,28.48,50.37,55.64,30.06
"Denver",2020-04-27,242,257,266,0,0,55.82,61.9,36.96,61.93,64.95,37.31
"Denver",2020-04-28,270,242,257,0,0,54.82,58.44,34.13,62.71,63.95,35.07
"Denver",2020-04-29,327,270,242,0,0,56.76,58.77,33.66,65.73,67.84,35.49
"Denver",2020-04-30,325,327,270,0,0,58.96,58.81,31.71,66.51,69.41,34.33
"Indianapolis",2020-03-05,1,0,0,0,0,113.92,117.25,93.99,123.36,124.42,112.26
"Indianapolis",2020-03-06,0,1,0,0,0,136.74,141.71,103.89,135.88,128.59,98.67
"Indianapolis",2020-03-07,1,0,1,0,0,140.46,178.15,106.64,137.01,173.27,101.33
"Indianapolis",2020-03-08,1,1,0,0,0,95.71,113.59,88.25,94.68,110.74,78.54
"Indianapolis",2020-03-09,1,1,1,0,0,107.45,102.94,104.5,103.08,101.5,95.27
"Indianapolis",2020-03-10,3,1,1,0,0,118.23,117.84,104.92,108.3,109.11,97.04
"Indianapolis",2020-03-11,1,3,1,0,0,117.31,126.72,100.7,108.11,112.82,97.53
"Indianapolis",2020-03-12,0,1,3,0,0,123.36,124.42,112.26,105.94,101.85,88.44
"Indianapolis",2020-03-13,1,0,1,0,0,135.88,128.59,98.67,113.23,114.45,91.24
"Indianapolis",2020-03-14,4,1,0,0,0,137.01,173.27,101.33,89.56,96.97,67.42
"Indianapolis",2020-03-15,2,4,1,0,0,94.68,110.74,78.54,69.81,72.32,65.04
"Indianapolis",2020-03-16,2,2,4,0,0,103.08,101.5,95.27,80.95,74.79,72.92
"Indianapolis",2020-03-17,5,2,2,0,0,108.3,109.11,97.04,75.41,77.8,63.85
"Indianapolis",2020-03-18,8,5,2,0,0,108.11,112.82,97.53,68.84,62.95,56.75
"Indianapolis",2020-03-19,13,8,5,0,0,105.94,101.85,88.44,67.35,62.99,57.33
"Indianapolis",2020-03-20,32,13,8,0,0,113.23,114.45,91.24,77,72.21,57.73
"Indianapolis",2020-03-21,57,32,13,0,0,89.56,96.97,67.42,61.25,57.94,44.07
"Indianapolis",2020-03-22,41,57,32,0,0,69.81,72.32,65.04,44.33,45.11,42.18
"Indianapolis",2020-03-23,62,41,57,0,0,80.95,74.79,72.92,61.66,59.16,49.9
"Indianapolis",2020-03-24,88,62,41,0,0,75.41,77.8,63.85,61.14,59.75,48.96
"Indianapolis",2020-03-25,101,88,62,0,0,68.84,62.95,56.75,54.52,66.4,48.85
"Indianapolis",2020-03-26,234,101,88,0,0,67.35,62.99,57.33,55.69,62.31,47.31
"Indianapolis",2020-03-27,152,234,101,0,0,77,72.21,57.73,60.01,58.7,42.81
"Indianapolis",2020-03-28,165,152,234,0,0,61.25,57.94,44.07,51.39,57.89,41.72
"Indianapolis",2020-03-29,201,165,152,0,0,44.33,45.11,42.18,42.86,50.69,35.38
"Indianapolis",2020-03-30,233,201,165,0,0,61.66,59.16,49.9,58.77,65.68,48.12
"Indianapolis",2020-03-31,283,233,201,0,0,61.14,59.75,48.96,57.88,57.82,48.12
"Indianapolis",2020-04-01,284,283,233,0,0,54.52,66.4,48.85,58.69,59.34,45.7
"Indianapolis",2020-04-02,193,284,283,0,0,55.69,62.31,47.31,62.68,73.48,50.03
"Indianapolis",2020-04-03,278,193,284,0,0,60.01,58.7,42.81,70.96,77.79,51.88
"Indianapolis",2020-04-04,296,278,193,0,0,51.39,57.89,41.72,57.49,62.78,45.61
"Indianapolis",2020-04-05,340,296,278,0,0,42.86,50.69,35.38,45.68,53.7,40.95
"Indianapolis",2020-04-06,338,340,296,0,0,58.77,65.68,48.12,63.07,74.51,53.83
"Indianapolis",2020-04-07,249,338,340,0,0,57.88,57.82,48.12,65.06,80.2,54.91
"Indianapolis",2020-04-08,184,249,338,0,0,58.69,59.34,45.7,67.27,76.96,52.27
"Indianapolis",2020-04-09,361,184,249,0,0,62.68,73.48,50.03,68.02,67.34,49.13
"Indianapolis",2020-04-10,250,361,184,0,0,70.96,77.79,51.88,76.72,76.36,53.02
"Indianapolis",2020-04-11,267,250,361,0,0,57.49,62.78,45.61,66.36,73.61,42.72
"Indianapolis",2020-04-12,178,267,250,0,0,45.68,53.7,40.95,40.97,44.93,34.07
"Indianapolis",2020-04-13,117,178,267,0,0,63.07,74.51,53.83,66.58,61.17,43.21
"Indianapolis",2020-04-14,212,117,178,0,0,65.06,80.2,54.91,69.5,62.65,47.31
"Indianapolis",2020-04-15,181,212,117,0,0,67.27,76.96,52.27,72.89,64.74,46.42
"Indianapolis",2020-04-16,317,181,212,0,0,68.02,67.34,49.13,76.96,69.29,47.54
"Indianapolis",2020-04-17,213,317,181,0,0,76.72,76.36,53.02,77.95,67.79,48.68
"Indianapolis",2020-04-18,371,213,317,0,0,66.36,73.61,42.72,79.15,81.25,52.34
"Indianapolis",2020-04-19,250,371,213,0,0,40.97,44.93,34.07,58.83,62.8,42.81
"Indianapolis",2020-04-20,209,250,371,0,0,66.58,61.17,43.21,81.21,83.9,53.97
"Indianapolis",2020-04-21,127,209,250,0,0,69.5,62.65,47.31,80.26,77.61,53.93
"Indianapolis",2020-04-22,291,127,209,0,0,72.89,64.74,46.42,83.45,84.63,57.17
"Indianapolis",2020-04-23,262,291,127,0,0,76.96,69.29,47.54,76.59,66.22,46.7
"Indianapolis",2020-04-24,325,262,291,0,0,77.95,67.79,48.68,98.45,97.31,54.7
"Indianapolis",2020-04-25,112,325,262,0,0,79.15,81.25,52.34,79.61,81.58,46
"Indianapolis",2020-04-26,169,112,325,0,0,58.83,62.8,42.81,63.28,65.2,44.44
"Indianapolis",2020-04-27,216,169,112,0,0,81.21,83.9,53.97,85.39,88.96,55
"Indianapolis",2020-04-28,297,216,169,0,0,80.26,77.61,53.93,87.44,94.17,54.95
"Indianapolis",2020-04-29,327,297,216,0,0,83.45,84.63,57.17,80.76,72.37,50.85
"Indianapolis",2020-04-30,378,327,297,0,0,76.59,66.22,46.7,85.87,76.41,49.97
"London",2020-02-17,1,1,1,0,0,107.55,100.51,106.62,121.24,131.2,123.55
"London",2020-02-19,1,1,1,0,0,110.74,125.35,111.2,122.6,137.59,125.12
"London",2020-02-23,2,1,1,0,0,105.1,96.03,116.64,105.81,104.41,111.26
"London",2020-02-25,2,2,1,0,0,120.38,131.72,122.11,108.69,119.88,109.44
"London",2020-02-27,1,2,2,0,0,123.31,136.05,124.27,111.38,123.88,111.27
"London",2020-02-28,5,1,2,0,0,129.1,153.95,133.95,123.68,133.76,122.41
"London",2020-02-29,1,5,1,0,0,128.6,170.22,141.61,127.92,153.92,129.48
"London",2020-03-01,8,1,5,0,0,105.81,104.41,111.26,106.82,109.26,109.14
"London",2020-03-02,12,8,1,0,0,106.45,104.32,107.64,103.19,103.64,102.74
"London",2020-03-03,6,12,8,0,0,108.69,119.88,109.44,107.89,114.68,105.44
"London",2020-03-04,18,6,12,0,0,110.88,125.12,110.17,111.68,114.25,106.93
"London",2020-03-05,14,18,6,0,0,111.38,123.88,111.27,112.97,106.5,106.97
"London",2020-03-06,23,14,18,0,0,123.68,133.76,122.41,122.13,142.09,118.77
"London",2020-03-07,14,23,14,0,0,127.92,153.92,129.48,125.74,167.1,127.78
"London",2020-03-08,22,14,23,0,0,106.82,109.26,109.14,99.51,96.86,100.86
"London",2020-03-09,53,22,14,0,0,103.19,103.64,102.74,99.57,97.5,98.05
"London",2020-03-10,91,53,22,0,0,107.89,114.68,105.44,101.66,105.54,99.47
"London",2020-03-11,183,91,53,0,0,111.68,114.25,106.93,100.34,106.91,94.33
"London",2020-03-12,165,183,91,0,0,112.97,106.5,106.97,94.95,98.87,86.28
"London",2020-03-13,136,165,183,0,0,122.13,142.09,118.77,97.41,104.19,89.95
"London",2020-03-14,149,136,165,0,0,125.74,167.1,127.78,96.71,117.44,94.84
"London",2020-03-15,165,149,136,0,0,99.51,96.86,100.86,73.16,64.28,67.46
"London",2020-03-16,234,165,149,0,0,99.57,97.5,98.05,75.92,64.53,57.95
"London",2020-03-17,310,234,165,0,0,101.66,105.54,99.47,67.18,48.95,46.33
"London",2020-03-18,356,310,234,0,0,100.34,106.91,94.33,64.19,43.31,40.32
"London",2020-03-19,333,356,310,0,0,94.95,98.87,86.28,65.75,38.76,38.7
"London",2020-03-20,426,333,356,0,0,97.41,104.19,89.95,61.08,37.49,34.64
"London",2020-03-21,350,426,333,0,0,96.71,117.44,94.84,50.11,37.36,28.01
"London",2020-03-22,437,350,426,0,0,73.16,64.28,67.46,41.9,30.76,25.9
"London",2020-03-23,687,437,350,0,0,75.92,64.53,57.95,47.76,31.25,24.44
"London",2020-03-24,636,687,437,0,0,67.18,48.95,46.33,35.82,24.63,17.15
"London",2020-03-25,756,636,687,0,0,64.19,43.31,40.32,34.12,24.09,15.43
"London",2020-03-26,762,756,636,0,0,65.75,38.76,38.7,31.86,22.89,14.49
"London",2020-03-27,820,762,756,0,0,61.08,37.49,34.64,32.41,23.4,14.05
"London",2020-03-28,577,820,762,0,0,50.11,37.36,28.01,26.99,23.4,13.6
"London",2020-03-29,593,577,820,0,0,41.9,30.76,25.9,23.29,17.83,13.3
"London",2020-03-30,844,593,577,0,0,47.76,31.25,24.44,29.43,19.72,14.16
"London",2020-03-31,915,844,593,0,0,35.82,24.63,17.15,30.57,22.29,13.92
"London",2020-04-01,963,915,844,0,0,34.12,24.09,15.43,30.5,22.19,13.66
"London",2020-04-02,1023,963,915,0,0,31.86,22.89,14.49,30.63,22.76,13.65
"London",2020-04-03,935,1023,963,0,0,32.41,23.4,14.05,32.55,24.34,13.36
"London",2020-04-04,717,935,1023,0,0,26.99,23.4,13.6,28.46,28.49,12.51
"London",2020-04-05,604,717,935,0,0,23.29,17.83,13.3,25.7,26.06,12.83
"London",2020-04-06,837,604,717,0,0,29.43,19.72,14.16,31.02,21.63,13.65
"London",2020-04-07,904,837,604,0,0,30.57,22.29,13.92,32.09,24.64,13.36
"London",2020-04-08,833,904,837,0,0,30.5,22.19,13.66,32.6,23.87,13.18
"London",2020-04-09,771,833,904,0,0,30.63,22.76,13.65,33.37,26.13,13.25
"London",2020-04-10,573,771,833,0,0,32.55,24.34,13.36,29.84,28.59,12.7
"London",2020-04-11,491,573,771,0,0,28.46,28.49,12.51,28.14,28.58,12.1
"London",2020-04-12,414,491,573,0,0,25.7,26.06,12.83,22.54,22.86,11.21
"London",2020-04-13,566,414,491,0,0,31.02,21.63,13.65,26.93,22.8,12.72
"London",2020-04-14,556,566,414,0,0,32.09,24.64,13.36,34.12,25.66,13.72
"London",2020-04-15,555,556,566,0,0,32.6,23.87,13.18,35.22,27.44,13.91
"London",2020-04-16,491,555,556,0,0,33.37,26.13,13.25,35.09,26.4,13.62
"London",2020-04-17,426,491,555,1,0,29.84,28.59,12.7,34.98,23.27,13.17
"London",2020-04-18,306,426,491,1,0,28.14,28.58,12.1,30.72,26.36,12.6
"London",2020-04-19,246,306,426,1,0,22.54,22.86,11.21,29.98,30.4,13.58
"London",2020-04-20,378,246,306,1,0,26.93,22.8,12.72,35.52,26.56,14.78
"London",2020-04-21,342,378,246,0,0,34.12,25.66,13.72,36.16,26.45,14.7
"London",2020-04-22,275,342,378,0,0,35.22,27.44,13.91,37.1,27.74,14.73
"London",2020-04-23,319,275,342,0,0,35.09,26.4,13.62,37.52,27.79,14.85
"London",2020-04-24,247,319,275,0,0,34.98,23.27,13.17,39.34,28.31,14.57
"London",2020-04-25,160,247,319,0,0,30.72,26.36,12.6,34.77,32.12,14.42
"London",2020-04-26,91,160,247,0,0,29.98,30.4,13.58,32.98,32.09,15.21
"London",2020-04-27,189,91,160,0,0,35.52,26.56,14.78,37.17,24.59,15.41
"London",2020-04-28,181,189,91,0,0,36.16,26.45,14.7,35.38,18.51,14.57
"London",2020-04-29,250,181,189,0,0,37.1,27.74,14.73,37.2,22.16,15.04
"London",2020-04-30,255,250,181,0,0,37.52,27.79,14.85,37.57,20.88,14.84
"Los Angeles",2020-02-29,2,0,0,0,0,127.2,155.36,97.24,132.75,163.07,101.11
"Los Angeles",2020-03-01,0,2,0,0,0,100.94,122.46,84.87,95.14,109.06,78.11
"Los Angeles",2020-03-02,2,0,2,0,0,113.05,112.99,122.25,107.53,108.99,111.77
"Los Angeles",2020-03-03,6,2,0,0,0,116.44,112.18,120.6,117.58,123.12,118.77
"Los Angeles",2020-03-04,4,6,2,0,0,116.42,112.44,116.93,114.67,111.02,114.33
"Los Angeles",2020-03-05,2,4,6,0,0,120.34,116.16,116.08,121.15,116.47,114.58
"Los Angeles",2020-03-06,1,2,4,0,0,136.12,141.16,121.19,134.88,139.02,118.67
"Los Angeles",2020-03-07,0,1,2,0,0,132.75,163.07,101.11,127.12,157.79,96.8
"Los Angeles",2020-03-08,7,0,1,0,0,95.14,109.06,78.11,97.79,125.71,79.62
"Los Angeles",2020-03-09,1,7,0,0,0,107.53,108.99,111.77,104.25,104.38,106.63
"Los Angeles",2020-03-10,9,1,7,0,0,117.58,123.12,118.77,105.16,97.52,94.98
"Los Angeles",2020-03-11,4,9,1,0,0,114.67,111.02,114.33,105.95,105.93,101.68
"Los Angeles",2020-03-12,15,4,9,0,0,121.15,116.47,114.58,103.85,81.78,76
"Los Angeles",2020-03-13,14,15,4,0,0,134.88,139.02,118.67,103.23,92.63,70.41
"Los Angeles",2020-03-14,19,14,15,0,0,127.12,157.79,96.8,82.59,91.26,55.08
"Los Angeles",2020-03-15,30,19,14,0,0,97.79,125.71,79.62,62.77,70.35,47.97
"Los Angeles",2020-03-16,57,30,19,0,0,104.25,104.38,106.63,73.91,63.04,50.28
"Los Angeles",2020-03-17,59,57,30,0,0,105.16,97.52,94.98,68.19,63.51,46.31
"Los Angeles",2020-03-18,52,59,57,0,0,105.95,105.93,101.68,63.35,59.28,42.19
"Los Angeles",2020-03-19,73,52,59,0,0,103.85,81.78,76,59.1,53.2,36.73
"Los Angeles",2020-03-20,72,73,52,0,0,103.23,92.63,70.41,56.79,53.02,33.16
"Los Angeles",2020-03-21,87,72,73,0,0,82.59,91.26,55.08,47.54,52.41,27.5
"Los Angeles",2020-03-22,145,87,72,0,0,62.77,70.35,47.97,36.18,39.64,23.56
"Los Angeles",2020-03-23,153,145,87,0,0,73.91,63.04,50.28,45.99,46.69,30.78
"Los Angeles",2020-03-24,172,153,145,0,0,68.19,63.51,46.31,46.25,46.49,29.21
"Los Angeles",2020-03-25,486,172,153,0,0,63.35,59.28,42.19,46,46.4,28.44
"Los Angeles",2020-03-26,314,486,172,0,0,59.1,53.2,36.73,46.38,46.12,27.09
"Los Angeles",2020-03-27,339,314,486,0,0,56.79,53.02,33.16,51.27,50.01,27.99
"Los Angeles",2020-03-28,442,339,314,0,0,47.54,52.41,27.5,43.19,47.22,23.33
"Los Angeles",2020-03-29,371,442,339,0,0,36.18,39.64,23.56,34.94,39.9,21.78
"Los Angeles",2020-03-30,575,371,442,0,0,45.99,46.69,30.78,44.97,47.19,27.76
"Los Angeles",2020-03-31,611,575,371,0,0,46.25,46.49,29.21,45.54,46.51,26.68
"Los Angeles",2020-04-01,577,611,575,0,0,46,46.4,28.44,46.7,48.68,26.25
"Los Angeles",2020-04-02,576,577,611,0,0,46.38,46.12,27.09,45.87,47.22,25.76
"Los Angeles",2020-04-03,786,576,577,0,0,51.27,50.01,27.99,52.04,52.6,26.3
"Los Angeles",2020-04-04,711,786,576,0,0,43.19,47.22,23.33,44.77,48.28,22.14
"Los Angeles",2020-04-05,468,711,786,0,0,34.94,39.9,21.78,33.92,36.02,19.22
"Los Angeles",2020-04-06,599,468,711,0,0,44.97,47.19,27.76,40.81,37.63,21.76
"Los Angeles",2020-04-07,705,599,468,0,0,45.54,46.51,26.68,41.36,38.13,22.16
"Los Angeles",2020-04-08,488,705,599,0,0,46.7,48.68,26.25,42.38,41.92,21.82
"Los Angeles",2020-04-09,534,488,705,0,0,45.87,47.22,25.76,40.85,35.31,19.1
"Los Angeles",2020-04-10,526,534,488,0,0,52.04,52.6,26.3,48.47,45.5,21.7
"Los Angeles",2020-04-11,375,526,534,0,0,44.77,48.28,22.14,46.57,50.85,21.66
"Los Angeles",2020-04-12,234,375,526,0,0,33.92,36.02,19.22,30.88,31.73,17.8
"Los Angeles",2020-04-13,643,234,375,0,0,40.81,37.63,21.76,44.59,44.12,23.47
"Los Angeles",2020-04-14,526,643,234,0,0,41.36,38.13,22.16,47.28,48.69,23.76
"Los Angeles",2020-04-15,407,526,643,0,0,42.38,41.92,21.82,50.4,51.17,24.21
"Los Angeles",2020-04-16,613,407,526,0,0,40.85,35.31,19.1,50.79,51.17,23.78
"Los Angeles",2020-04-17,685,613,407,0,0,48.47,45.5,21.7,56.06,54.26,23.98
"Los Angeles",2020-04-18,400,685,613,0,0,46.57,50.85,21.66,50.5,52.17,21.05
"Los Angeles",2020-04-19,1515,400,685,0,0,30.88,31.73,17.8,41.8,44.5,20.25
"Los Angeles",2020-04-20,1339,1515,400,0,0,44.59,44.12,23.47,51.13,52.06,25.8
"Los Angeles",2020-04-21,1357,1339,1515,0,0,47.28,48.69,23.76,51.43,51.61,24.82
"Los Angeles",2020-04-22,1147,1357,1339,0,0,50.4,51.17,24.21,53.78,53.91,24.93
"Los Angeles",2020-04-23,1055,1147,1357,0,0,50.79,51.17,23.78,55.45,54.66,25.19
"Los Angeles",2020-04-24,686,1055,1147,0,0,56.06,54.26,23.98,62.76,60.69,25.85
"Los Angeles",2020-04-25,526,686,1055,0,0,50.5,52.17,21.05,58.24,60.26,23.52
"Los Angeles",2020-04-26,941,526,686,0,0,41.8,44.5,20.25,47.3,48.41,21.48
"Los Angeles",2020-04-27,631,941,526,0,0,51.13,52.06,25.8,54.68,54.81,26.14
"Los Angeles",2020-04-28,1635,631,941,0,0,51.43,51.61,24.82,56.89,56.16,27.27
"Los Angeles",2020-04-29,794,1635,631,0,0,53.78,53.91,24.93,57.52,55.92,26.49
"Los Angeles",2020-04-30,1203,794,1635,0,0,55.45,54.66,25.19,60.37,59.08,26.73
"Memphis",2020-03-07,1,0,0,0,0,158.53,232.84,117.8,155.63,220.99,118.73
"Memphis",2020-03-08,0,1,0,0,0,100.94,112.52,74.88,102.95,121.98,81.38
"Memphis",2020-03-09,0,0,1,0,0,110.44,113.34,104.75,111.35,114.43,106.06
"Memphis",2020-03-10,0,0,0,0,0,119.97,126.56,98.96,115.21,122.92,108.9
"Memphis",2020-03-11,1,0,0,0,0,114.27,117.86,102.24,106.75,111.51,99.29
"Memphis",2020-03-12,0,1,0,0,0,125.39,134.56,103.6,111.05,114.08,99.4
"Memphis",2020-03-13,0,0,1,0,0,151.34,193.79,116.17,123.06,134.57,99.56
"Memphis",2020-03-14,0,0,0,0,0,155.63,220.99,118.73,111.69,131.63,89.62
"Memphis",2020-03-15,0,0,0,0,0,102.95,121.98,81.38,79.89,83.39,66.47
"Memphis",2020-03-16,0,0,0,0,0,111.35,114.43,106.06,91.7,93.65,78.21
"Memphis",2020-03-17,3,0,0,0,0,115.21,122.92,108.9,92.77,99.15,90.99
"Memphis",2020-03-18,20,3,0,0,0,106.75,111.51,99.29,84.36,88.61,73.89
"Memphis",2020-03-19,24,20,3,0,0,111.05,114.08,99.4,85.75,91.89,76.95
"Memphis",2020-03-20,13,24,20,0,0,123.06,134.57,99.56,88.18,93.61,72.2
"Memphis",2020-03-21,37,13,24,0,0,111.69,131.63,89.62,79.43,89.02,61.28
"Memphis",2020-03-22,5,37,13,0,0,79.89,83.39,66.47,50.56,50.86,48.44
"Memphis",2020-03-23,79,5,37,0,0,91.7,93.65,78.21,72.57,78.69,63.57
"Memphis",2020-03-24,48,79,5,0,0,92.77,99.15,90.99,64.81,70.47,66.74
"Memphis",2020-03-25,53,48,79,0,0,84.36,88.61,73.89,64.8,73.09,64.23
"Memphis",2020-03-26,52,53,48,0,0,85.75,91.89,76.95,74.65,89.79,69.47
"Memphis",2020-03-27,61,52,53,0,0,88.18,93.61,72.2,81.74,87.81,79.74
"Memphis",2020-03-28,110,61,52,0,0,79.43,89.02,61.28,67.54,74.72,62.32
"Memphis",2020-03-29,49,110,61,0,0,50.56,50.86,48.44,56.98,68.96,58.93
"Memphis",2020-03-30,22,49,110,0,0,72.57,78.69,63.57,68.52,71.87,70.67
"Memphis",2020-03-31,122,22,49,0,0,64.81,70.47,66.74,69.27,76.02,64.5
"Memphis",2020-04-01,160,122,22,0,0,64.8,73.09,64.23,74.99,84.64,65.1
"Memphis",2020-04-02,30,160,122,0,0,74.65,89.79,69.47,77.05,82.65,65.87
"Memphis",2020-04-03,81,30,160,0,0,81.74,87.81,79.74,82.17,89.02,64.17
"Memphis",2020-04-04,78,81,30,0,0,67.54,74.72,62.32,69.78,81.97,53.63
"Memphis",2020-04-05,30,78,81,0,0,56.98,68.96,58.93,54.96,67.88,51.77
"Memphis",2020-04-06,90,30,78,0,0,68.52,71.87,70.67,72.77,85.71,58.87
"Memphis",2020-04-07,76,90,30,0,0,69.27,76.02,64.5,70.12,77.21,57.07
"Memphis",2020-04-08,119,76,90,0,0,74.99,84.64,65.1,75.62,85.97,61.33
"Memphis",2020-04-09,110,119,76,0,0,77.05,82.65,65.87,78.62,87.84,64.5
"Memphis",2020-04-10,76,110,119,0,0,82.17,89.02,64.17,85.96,95.91,62.64
"Memphis",2020-04-11,87,76,110,0,0,69.78,81.97,53.63,75.42,91.46,48.33
"Memphis",2020-04-12,157,87,76,0,0,54.96,67.88,51.77,42.51,47.95,41.13
"Memphis",2020-04-13,45,157,87,0,0,72.77,85.71,58.87,75.22,80.63,56.85
"Memphis",2020-04-14,95,45,157,0,0,70.12,77.21,57.07,76.34,82.74,54.01
"Memphis",2020-04-15,98,95,45,0,0,75.62,85.97,61.33,85.25,94.75,56.2
"Memphis",2020-04-16,187,98,95,0,0,78.62,87.84,64.5,88.36,92.72,58.6
"Memphis",2020-04-17,74,187,98,0,0,85.96,95.91,62.64,95.67,104.55,61.88
"Memphis",2020-04-18,66,74,187,0,0,75.42,91.46,48.33,89.68,100.97,59.15
"Memphis",2020-04-19,101,66,74,0,0,42.51,47.95,41.13,59.52,62.21,44.84
"Memphis",2020-04-20,45,101,66,0,0,75.22,80.63,56.85,91.62,106.19,62.92
"Memphis",2020-04-21,57,45,101,0,0,76.34,82.74,54.01,89.2,101.89,64.88
"Memphis",2020-04-22,52,57,45,0,0,85.25,94.75,56.2,84.33,87.83,56.53
"Memphis",2020-04-23,67,52,57,0,0,88.36,92.72,58.6,86.49,85.52,52.32
"Memphis",2020-04-24,101,67,52,0,0,95.67,104.55,61.88,103.26,111.63,70.02
"Memphis",2020-04-25,215,101,67,0,0,89.68,100.97,59.15,91.03,98.64,61.82
"Memphis",2020-04-26,40,215,101,0,0,59.52,62.21,44.84,73.21,82.85,51.94
"Memphis",2020-04-27,62,40,215,0,0,91.62,106.19,62.92,91.27,98.34,60.35
"Memphis",2020-04-28,69,62,40,0,0,89.2,101.89,64.88,92.79,94.31,66.58
"Memphis",2020-04-29,92,69,62,0,0,84.33,87.83,56.53,93.93,99.08,57.4
"Memphis",2020-04-30,110,92,69,0,0,86.49,85.52,52.32,102.19,109.24,66.68
"Montreal",2020-02-27,0,0,0,0,0,111.72,117.38,112.23,99.23,101.46,105.07
"Montreal",2020-02-28,1,0,0,0,0,126.38,143.34,124.14,123.5,132.75,119.5
"Montreal",2020-02-29,0,1,0,0,0,110.69,145.74,104.54,107.55,149.78,110.81
"Montreal",2020-03-01,1,0,1,0,0,82.46,97.43,82.93,83.46,98.56,88.28
"Montreal",2020-03-02,2,1,0,0,0,98.02,103.27,97.94,101,107.97,103.93
"Montreal",2020-03-03,2,2,1,0,0,104.64,110.01,101.31,106.11,119.21,108.35
"Montreal",2020-03-04,0,2,2,0,0,101.59,104.09,101.46,106.48,118.95,109.8
"Montreal",2020-03-05,1,0,2,0,0,99.23,101.46,105.07,114.17,137.22,115.73
"Montreal",2020-03-06,2,1,0,0,0,123.5,132.75,119.5,113.17,135.28,112.04
"Montreal",2020-03-07,0,2,1,0,0,107.55,149.78,110.81,102.71,138.68,100.34
"Montreal",2020-03-08,1,0,2,0,0,83.46,98.56,88.28,80.61,101.52,84.39
"Montreal",2020-03-09,0,1,0,0,0,101,107.97,103.93,97.58,109.21,101.05
"Montreal",2020-03-10,3,0,1,0,0,106.11,119.21,108.35,105.89,107.72,101.42
"Montreal",2020-03-11,10,3,0,0,0,106.48,118.95,109.8,104.81,115.92,99.13
"Montreal",2020-03-12,7,10,3,0,0,114.17,137.22,115.73,101.11,110.76,89.87
"Montreal",2020-03-13,4,7,10,0,0,113.17,135.28,112.04,90.32,99.4,76.74
"Montreal",2020-03-14,22,4,7,0,0,102.71,138.68,100.34,75.02,98.89,65.37
"Montreal",2020-03-15,15,22,4,0,0,80.61,101.52,84.39,55.79,67.33,51.46
"Montreal",2020-03-16,13,15,22,0,0,97.58,109.21,101.05,65.57,66.61,49.52
"Montreal",2020-03-17,47,13,15,0,0,105.89,107.72,101.42,56.45,52.96,39
"Montreal",2020-03-18,47,47,13,0,0,104.81,115.92,99.13,54.53,56.27,36.73
"Montreal",2020-03-19,75,47,47,0,0,101.11,110.76,89.87,53.16,51.65,32.21
"Montreal",2020-03-20,123,75,47,0,0,90.32,99.4,76.74,51.55,46.5,30.84
"Montreal",2020-03-21,186,123,75,0,0,75.02,98.89,65.37,39.43,42.9,27.16
"Montreal",2020-03-22,249,186,123,0,0,55.79,67.33,51.46,31.66,37.2,23.94
"Montreal",2020-03-23,358,249,186,0,0,65.57,66.61,49.52,43.14,38.09,24.15
"Montreal",2020-03-24,270,358,249,0,0,56.45,52.96,39,40.26,41.39,21.71
"Montreal",2020-03-25,379,270,358,0,0,54.53,56.27,36.73,34.22,40.86,20.35
"Montreal",2020-03-26,379,379,270,0,0,53.16,51.65,32.21,33.66,37.19,19.21
"Montreal",2020-03-27,468,379,379,0,0,51.55,46.5,30.84,37.73,46.55,19.72
"Montreal",2020-03-28,421,468,379,0,0,39.43,42.9,27.16,30.04,38.79,18.41
"Montreal",2020-03-29,592,421,468,0,0,31.66,37.2,23.94,23.16,22.54,15.52
"Montreal",2020-03-30,590,592,421,0,0,43.14,38.09,24.15,31.15,29.25,19.07
"Montreal",2020-03-31,729,590,592,0,0,40.26,41.39,21.71,34.41,42.76,19.98
"Montreal",2020-04-01,702,729,590,0,0,34.22,40.86,20.35,33.81,37.11,18.62
"Montreal",2020-04-02,847,702,729,0,0,33.66,37.19,19.21,32,33.4,18.3
"Montreal",2020-04-03,774,847,702,0,0,37.73,46.55,19.72,34.51,38.2,18.89
"Montreal",2020-04-04,781,774,847,0,0,30.04,38.79,18.41,30.56,46.23,17.25
"Montreal",2020-04-05,619,781,774,0,0,23.16,22.54,15.52,22.39,29.71,15.02
"Montreal",2020-04-06,880,619,781,0,0,31.15,29.25,19.07,32.82,41.32,18.45
"Montreal",2020-04-07,798,880,619,0,0,34.41,42.76,19.98,32.93,43.46,17.6
"Montreal",2020-04-08,693,798,880,0,0,33.81,37.11,18.62,33.43,39.9,17.84
"Montreal",2020-04-09,751,693,798,0,0,32,33.4,18.3,33.68,33.38,15.97
"Montreal",2020-04-10,640,751,693,0,0,34.51,38.2,18.89,33.19,35.65,16.93
"Montreal",2020-04-11,669,640,751,0,0,30.56,46.23,17.25,31.06,37.34,16.08
"Montreal",2020-04-12,796,669,640,0,0,22.39,29.71,15.02,24.92,37.06,14.99
"Montreal",2020-04-13,965,796,669,0,0,32.82,41.32,18.45,27.66,27.8,18.43
"Montreal",2020-04-14,966,965,796,0,0,32.93,43.46,17.6,35.78,39.22,19.04
"Montreal",2020-04-15,1109,966,965,0,0,33.43,39.9,17.84,37.74,38.85,19
"Montreal",2020-04-16,971,1109,966,0,0,33.68,33.38,15.97,38.83,39.81,18.67
"Montreal",2020-04-17,1029,971,1109,1,0,33.19,35.65,16.93,41.92,43.15,18.99
"Montreal",2020-04-18,664,1029,971,1,0,31.06,37.34,16.08,36.36,46.53,18.63
"Montreal",2020-04-19,822,664,1029,1,0,24.92,37.06,14.99,27.76,32.26,16.83
"Montreal",2020-04-20,912,822,664,1,0,27.66,27.8,18.43,42.36,45,20.53
"Montreal",2020-04-21,806,912,822,0,0,35.78,39.22,19.04,39.93,34.89,20.07
"Montreal",2020-04-22,891,806,912,0,0,37.74,38.85,19,41.38,37.69,20.75
"Montreal",2020-04-23,900,891,806,0,0,38.83,39.81,18.67,45.36,44.16,20.19
"Montreal",2020-04-24,860,900,891,0,0,41.92,43.15,18.99,49.32,50.7,21.05
"Montreal",2020-04-25,756,860,900,0,0,36.36,46.53,18.63,42.29,56.53,20.61
"Montreal",2020-04-26,611,756,860,0,0,27.76,32.26,16.83,32.54,36.33,18.45
"Montreal",2020-04-27,915,611,756,0,0,42.36,45,20.53,45.47,42.24,23.29
"Montreal",2020-04-28,923,915,611,0,0,39.93,34.89,20.07,48.57,52.1,23.07
"Montreal",2020-04-29,894,923,915,0,0,41.38,37.69,20.75,52.08,54.24,23.81
"Montreal",2020-04-30,1011,894,923,0,0,45.36,44.16,20.19,47.58,40.15,22.32
"New Orleans",2020-03-08,1,0,0,0,0,66.88,46.32,85.33,73.09,54.16,109.67
"New Orleans",2020-03-09,5,1,0,0,0,67.54,33.22,95.59,72.81,43.72,112.07
"New Orleans",2020-03-10,6,5,1,0,0,69.74,32.8,92.56,71.42,40.3,110.93
"New Orleans",2020-03-11,1,6,5,0,0,66.08,29.96,89.93,72.05,41.8,103.97
"New Orleans",2020-03-12,21,1,6,0,0,76.89,38.18,97.53,72.42,41.81,99.13
"New Orleans",2020-03-13,37,21,1,0,0,94.49,57.47,118.65,78.69,46.72,87.68
"New Orleans",2020-03-14,26,37,21,0,0,99.39,74.8,118.73,72.46,48.75,79.73
"New Orleans",2020-03-15,31,26,37,0,0,73.09,54.16,109.67,49.48,28.28,58.15
"New Orleans",2020-03-16,55,31,26,0,0,72.81,43.72,112.07,47.78,18.74,54.5
"New Orleans",2020-03-17,76,55,31,0,0,71.42,40.3,110.93,40.09,11.47,40.46
"New Orleans",2020-03-18,85,76,55,0,0,72.05,41.8,103.97,37.51,9.32,34.62
"New Orleans",2020-03-19,121,85,76,0,0,72.42,41.81,99.13,35.75,8.52,31.19
"New Orleans",2020-03-20,174,121,85,0,0,78.69,46.72,87.68,37.22,8.14,26.77
"New Orleans",2020-03-21,58,174,121,0,0,72.46,48.75,79.73,27.01,6.17,20.65
"New Orleans",2020-03-22,231,58,174,0,0,49.48,28.28,58.15,20.82,5.35,18.6
"New Orleans",2020-03-23,164,231,58,0,0,47.78,18.74,54.5,25.97,5.93,20.79
"New Orleans",2020-03-24,251,164,231,0,0,40.09,11.47,40.46,25.02,5.93,20.9
"New Orleans",2020-03-25,331,251,164,0,0,37.51,9.32,34.62,26.58,5.95,21.38
"New Orleans",2020-03-26,306,331,251,0,0,35.75,8.52,31.19,26.85,6.13,19.15
"New Orleans",2020-03-27,390,306,331,0,0,37.22,8.14,26.77,28.83,6.54,22.13
"New Orleans",2020-03-28,87,390,306,0,0,27.01,6.17,20.65,24.48,6.07,20.74
"New Orleans",2020-03-29,298,87,390,0,0,20.82,5.35,18.6,20.14,4.94,18.03
"New Orleans",2020-03-30,852,298,87,0,0,25.97,5.93,20.79,25.65,5.91,18.9
"New Orleans",2020-03-31,793,852,298,0,0,25.02,5.93,20.9,26.73,6.2,20.33
"New Orleans",2020-04-01,2138,793,852,0,0,26.58,5.95,21.38,27.29,6.24,19.51
"New Orleans",2020-04-02,755,2138,793,0,0,26.85,6.13,19.15,27.27,6.17,18.03
"New Orleans",2020-04-03,1278,755,2138,0,0,28.83,6.54,22.13,30.12,6.87,18.87
"New Orleans",2020-04-04,237,1278,755,0,0,24.48,6.07,20.74,24.9,5.8,17.43
"New Orleans",2020-04-05,1109,237,1278,0,0,20.14,4.94,18.03,20.67,5.33,15.57
"New Orleans",2020-04-06,952,1109,237,0,0,25.65,5.91,18.9,26.94,6.22,19.94
"New Orleans",2020-04-07,394,952,1109,0,0,26.73,6.2,20.33,27.12,6.42,18.69
"New Orleans",2020-04-08,720,394,952,0,0,27.29,6.24,19.51,28.26,6.46,18.99
"New Orleans",2020-04-09,486,720,394,0,0,27.27,6.17,18.03,29.5,6.81,20.65
"New Orleans",2020-04-10,418,486,720,0,0,30.12,6.87,18.87,31.3,7.48,20.54
"New Orleans",2020-04-11,218,418,486,0,0,24.9,5.8,17.43,27.48,6.63,17.68
"New Orleans",2020-04-12,197,218,418,0,0,20.67,5.33,15.57,17.78,4.37,15.59
"New Orleans",2020-04-13,251,197,218,0,0,26.94,6.22,19.94,29.2,6.79,21.36
"New Orleans",2020-04-14,190,251,197,0,0,27.12,6.42,18.69,29.46,6.44,17.85
"New Orleans",2020-04-15,240,190,251,0,0,28.26,6.46,18.99,32.5,6.73,18.74
"New Orleans",2020-04-16,226,240,190,0,0,29.5,6.81,20.65,33.15,7.52,21.63
"New Orleans",2020-04-17,180,226,240,0,0,31.3,7.48,20.54,35.95,7.51,20.22
"New Orleans",2020-04-18,130,180,226,0,0,27.48,6.63,17.68,29.12,5.88,18.16
"New Orleans",2020-04-19,433,130,180,0,0,17.78,4.37,15.59,24.53,5.45,17.75
"New Orleans",2020-04-20,108,433,130,0,0,29.2,6.79,21.36,35.54,8.13,20.77
"New Orleans",2020-04-21,139,108,433,0,0,29.46,6.44,17.85,34.34,7.72,22.32
"New Orleans",2020-04-22,189,139,108,0,0,32.5,6.73,18.74,34.14,7.37,21.04
"New Orleans",2020-04-23,129,189,139,0,0,33.15,7.52,21.63,32.9,6.59,19.67
"New Orleans",2020-04-24,60,129,189,0,0,35.95,7.51,20.22,40.28,8.47,23.75
"New Orleans",2020-04-25,130,60,129,0,0,29.12,5.88,18.16,34.59,7.56,21.73
"New Orleans",2020-04-26,90,130,60,0,0,24.53,5.45,17.75,28.13,6.53,18.74
"New Orleans",2020-04-27,74,90,130,0,0,35.54,8.13,20.77,35.5,8.27,23.12
"New Orleans",2020-04-28,131,74,90,0,0,34.34,7.72,22.32,36.42,7.76,22.07
"New Orleans",2020-04-29,92,131,74,0,0,34.14,7.37,21.04,34.13,7.03,19.01
"New Orleans",2020-04-30,215,92,131,0,0,32.9,6.59,19.67,40.71,8.87,22.75
"New York",2020-02-29,1,0,0,0,0,124.87,153.65,117.34,126.33,138.83,115.21
"New York",2020-03-01,0,1,0,0,0,97.11,108.09,87.97,96.78,103.41,87.01
"New York",2020-03-02,1,0,1,0,0,99.75,98.45,91.49,102.58,102.8,92.87
"New York",2020-03-03,10,1,0,0,0,103.04,94.25,92.14,105.46,99.36,93.89
"New York",2020-03-04,12,10,1,0,0,105.31,101.43,94.63,107.92,110.29,98.65
"New York",2020-03-05,23,12,10,0,0,108.88,102.48,97.48,112.64,114.95,100.54
"New York",2020-03-06,43,23,12,0,0,127.84,130.16,114.48,126.8,121.34,108.43
"New York",2020-03-07,18,43,23,0,0,126.33,138.83,115.21,125.82,147.96,114.48
"New York",2020-03-08,41,18,43,0,0,96.78,103.41,87.01,96.7,110.32,86.13
"New York",2020-03-09,33,41,18,0,0,102.58,102.8,92.87,104.61,114.55,92.2
"New York",2020-03-10,50,33,41,0,0,105.46,99.36,93.89,101.42,102.1,85.1
"New York",2020-03-11,108,50,33,0,0,107.92,110.29,98.65,100.27,97.08,81.65
"New York",2020-03-12,112,108,50,0,0,112.64,114.95,100.54,93.95,83.02,69.1
"New York",2020-03-13,206,112,108,0,0,126.8,121.34,108.43,100.36,86.93,66.28
"New York",2020-03-14,131,206,112,0,0,125.82,147.96,114.48,88.65,80.86,58.17
"New York",2020-03-15,267,131,206,0,0,96.7,110.32,86.13,64.46,53.22,40.65
"New York",2020-03-16,487,267,131,0,0,104.61,114.55,92.2,67.81,45.04,36.57
"New York",2020-03-17,1107,487,267,0,0,101.42,102.1,85.1,60.47,38.52,30.15
"New York",2020-03-18,2002,1107,487,0,0,100.27,97.08,81.65,59.38,38.01,27.35
"New York",2020-03-19,3041,2002,1107,0,0,93.95,83.02,69.1,54.24,33,25.2
"New York",2020-03-20,3417,3041,2002,0,0,100.36,86.93,66.28,59.45,38.56,24.13
"New York",2020-03-21,5165,3417,3041,0,0,88.65,80.86,58.17,49.13,32.23,18.74
"New York",2020-03-22,6248,5165,3417,0,0,64.46,53.22,40.65,34.34,22.22,14.97
"New York",2020-03-23,5257,6248,5165,0,0,67.81,45.04,36.57,36.26,18.98,15.46
"New York",2020-03-24,7690,5257,6248,0,0,60.47,38.52,30.15,42.53,27.06,16.52
"New York",2020-03-25,7616,7690,5257,0,0,59.38,38.01,27.35,39.39,21.93,15.32
"New York",2020-03-26,6794,7616,7690,0,0,54.24,33,25.2,43.45,27.1,16.05
"New York",2020-03-27,10106,6794,7616,0,0,59.45,38.56,24.13,48.15,30.7,17.14
"New York",2020-03-28,7621,10106,6794,0,0,49.13,32.23,18.74,37.18,20.61,13.4
"New York",2020-03-29,9725,7621,10106,0,0,34.34,22.22,14.97,30.64,18.23,12.84
"New York",2020-03-30,10600,9725,7621,0,0,36.26,18.98,15.46,39.39,23.46,15.43
"New York",2020-03-31,10226,10600,9725,0,0,42.53,27.06,16.52,39.59,22.96,14.55
"New York",2020-04-01,11192,10226,10600,0,0,39.39,21.93,15.32,41.2,25.07,14.39
"New York",2020-04-02,14254,11192,10226,0,0,43.45,27.1,16.05,41.01,24.07,13.84
"New York",2020-04-03,16398,14254,11192,0,0,48.15,30.7,17.14,43.97,23.7,13.76
"New York",2020-04-04,10952,16398,14254,0,0,37.18,20.61,13.4,41.34,26.26,12.71
"New York",2020-04-05,12474,10952,16398,0,0,30.64,18.23,12.84,34.1,21.96,12.03
"New York",2020-04-06,12369,12474,10952,0,0,39.39,23.46,15.43,42.46,27.33,14.26
"New York",2020-04-07,12810,12369,12474,0,0,39.59,22.96,14.55,42.49,26.41,13.54
"New York",2020-04-08,13737,12810,12369,0,0,41.2,25.07,14.39,41.44,24.83,13.32
"New York",2020-04-09,13904,13737,12810,0,0,41.01,24.07,13.84,40.03,21.52,12.73
"New York",2020-04-10,12722,13904,13737,0,0,43.97,23.7,13.76,45.9,24.01,13.37
"New York",2020-04-11,11039,12722,13904,0,0,41.34,26.26,12.71,44.55,26.8,12.52
"New York",2020-04-12,8747,11039,12722,0,0,34.1,21.96,12.03,31.33,20.49,11.25
"New York",2020-04-13,10391,8747,11039,0,0,42.46,27.33,14.26,36.46,19.22,12.75
"New York",2020-04-14,13796,10391,8747,0,0,42.49,26.41,13.54,45.9,26.62,14.13
"New York",2020-04-15,12235,13796,10391,0,0,41.44,24.83,13.32,46.55,25.84,13.42
"New York",2020-04-16,10299,12235,13796,0,0,40.03,21.52,12.73,47.23,25,13.34
"New York",2020-04-17,9506,10299,12235,0,0,45.9,24.01,13.37,51.86,27.12,13.46
"New York",2020-04-18,9228,9506,10299,0,0,44.55,26.8,12.52,45.56,23.84,12.1
"New York",2020-04-19,7621,9228,9506,0,0,31.33,20.49,11.25,42.87,27.06,12.61
"New York",2020-04-20,7265,7621,9228,0,0,36.46,19.22,12.75,47.49,26.88,14.58
"New York",2020-04-21,7873,7265,7621,0,0,45.9,26.62,14.13,44.69,23.22,13.49
"New York",2020-04-22,9305,7873,7265,0,0,46.55,25.84,13.42,50.27,26.76,14.06
"New York",2020-04-23,10218,9305,7873,0,0,47.23,25,13.34,49.36,25.58,14.03
"New York",2020-04-24,12186,10218,9305,0,0,51.86,27.12,13.46,52.27,25.79,13.83
"New York",2020-04-25,8343,12186,10218,0,0,45.56,23.84,12.1,57.52,34.81,14.08
"New York",2020-04-26,5120,8343,12186,0,0,42.87,27.06,12.61,38.51,19.37,12.19
"New York",2020-04-27,4985,5120,8343,0,0,47.49,26.88,14.58,48.12,25.33,14.98
"New York",2020-04-28,6393,4985,5120,0,0,44.69,23.22,13.49,56.29,33.1,16.01
"New York",2020-04-29,6059,6393,4985,0,0,50.27,26.76,14.06,51.8,27.39,15.39
"New York",2020-04-30,5318,6059,6393,0,0,49.36,25.58,14.03,51.3,25.92,14.9
"Oklahoma",2020-03-12,1,0,0,0,0,127.35,96.93,124.85,122.02,88.28,106.47
"Oklahoma",2020-03-13,0,1,0,0,0,151.72,126.3,151.13,125.88,88.75,115.7
"Oklahoma",2020-03-14,1,0,1,0,0,152.05,137.19,139.8,107.5,91.35,107.47
"Oklahoma",2020-03-15,2,1,0,0,0,92.43,65.91,96.56,71.69,51.71,70.95
"Oklahoma",2020-03-16,5,2,1,0,0,108.46,78.67,114.69,86.31,63.52,87.49
"Oklahoma",2020-03-17,11,5,2,0,0,118.34,91.59,118.05,77.3,53.33,88.41
"Oklahoma",2020-03-18,12,11,5,0,0,118.82,93.3,128.88,75.72,58.66,77.67
"Oklahoma",2020-03-19,3,12,11,0,0,122.02,88.28,106.47,73.66,56.41,82.96
"Oklahoma",2020-03-20,2,3,12,0,0,125.88,88.75,115.7,77,54.59,74.31
"Oklahoma",2020-03-21,7,2,3,0,0,107.5,91.35,107.47,62.36,48.96,57.35
"Oklahoma",2020-03-22,6,7,2,0,0,71.69,51.71,70.95,44.79,33.67,45.26
"Oklahoma",2020-03-23,20,6,7,0,0,86.31,63.52,87.49,64.61,50.42,67.17
"Oklahoma",2020-03-24,22,20,6,0,0,77.3,53.33,88.41,66.27,55.92,68.77
"Oklahoma",2020-03-25,34,22,20,0,0,75.72,58.66,77.67,66.5,56.06,66.92
"Oklahoma",2020-03-26,28,34,22,0,0,73.66,56.41,82.96,64.54,53.48,64.74
"Oklahoma",2020-03-27,20,28,34,0,0,77,54.59,74.31,70.72,56.58,73.13
"Oklahoma",2020-03-28,19,20,28,0,0,62.36,48.96,57.35,59.71,48.96,64.23
"Oklahoma",2020-03-29,29,19,20,0,0,44.79,33.67,45.26,45.05,36.99,52.9
"Oklahoma",2020-03-30,31,29,19,0,0,64.61,50.42,67.17,55.49,41.72,58.02
"Oklahoma",2020-03-31,71,31,29,0,0,66.27,55.92,68.77,64.06,52.28,61.88
"Oklahoma",2020-04-01,66,71,31,0,0,66.5,56.06,66.92,65.02,51.05,63.56
"Oklahoma",2020-04-02,34,66,71,0,0,64.54,53.48,64.74,64.48,51.57,65.83
"Oklahoma",2020-04-03,63,34,66,0,0,70.72,56.58,73.13,65.72,49.91,53.23
"Oklahoma",2020-04-04,14,63,34,0,0,59.71,48.96,64.23,55.82,47.01,52.06
"Oklahoma",2020-04-05,28,14,63,0,0,45.05,36.99,52.9,44.27,38.78,49.2
"Oklahoma",2020-04-06,58,28,14,0,0,55.49,41.72,58.02,61.01,53.06,57.6
"Oklahoma",2020-04-07,22,58,28,0,0,64.06,52.28,61.88,65.03,54.98,67.09
"Oklahoma",2020-04-08,98,22,58,0,0,65.02,51.05,63.56,66.84,55.87,64.82
"Oklahoma",2020-04-09,41,98,22,0,0,64.48,51.57,65.83,69.5,54.17,67.93
"Oklahoma",2020-04-10,27,41,98,0,0,65.72,49.91,53.23,77.37,64.53,70.03
"Oklahoma",2020-04-11,27,27,41,0,0,55.82,47.01,52.06,62.05,51.45,51.39
"Oklahoma",2020-04-12,24,27,27,0,0,44.27,38.78,49.2,38.07,30.06,41.39
"Oklahoma",2020-04-13,34,24,27,0,0,61.01,53.06,57.6,62.32,46.62,53.57
"Oklahoma",2020-04-14,30,34,24,0,0,65.03,54.98,67.09,63.8,49.13,61.63
"Oklahoma",2020-04-15,28,30,34,0,0,66.84,55.87,64.82,75.22,55.75,65.66
"Oklahoma",2020-04-16,37,28,30,0,0,69.5,54.17,67.93,76.59,59.98,57.51
"Oklahoma",2020-04-17,37,37,28,0,0,77.37,64.53,70.03,81.04,62.71,65.58
"Oklahoma",2020-04-18,16,37,37,0,0,62.05,51.45,51.39,74.99,59.06,66.92
"Oklahoma",2020-04-19,29,16,37,0,0,38.07,30.06,41.39,54.63,42.99,55
"Oklahoma",2020-04-20,40,29,16,0,0,62.32,46.62,53.57,77.52,63.25,70.7
"Oklahoma",2020-04-21,54,40,29,0,0,63.8,49.13,61.63,77.41,61.72,71.37
"Oklahoma",2020-04-22,57,54,40,0,0,75.22,55.75,65.66,67.97,48.47,54.83
"Oklahoma",2020-04-23,46,57,54,0,0,76.59,59.98,57.51,84.42,65.6,73.72
"Oklahoma",2020-04-24,36,46,57,0,0,81.04,62.71,65.58,91.08,72.79,76.91
"Oklahoma",2020-04-25,7,36,46,0,0,74.99,59.06,66.92,81.72,67.32,66.75
"Oklahoma",2020-04-26,9,7,36,0,0,54.63,42.99,55,62.38,52.12,65.32
"Oklahoma",2020-04-27,43,9,7,0,0,77.52,63.25,70.7,81.64,65.09,74.48
"Oklahoma",2020-04-28,24,43,9,0,0,77.41,61.72,71.37,78.35,61.22,70.11
"Oklahoma",2020-04-29,54,24,43,0,0,67.97,48.47,54.83,87.39,71.71,83.63
"Oklahoma",2020-04-30,71,54,24,0,0,84.42,65.6,73.72,94.48,77.18,83.54
"Pittsburgh",2020-03-12,1,0,0,0,0,111.89,109.5,106.63,100.64,99.75,69.38
"Pittsburgh",2020-03-13,1,1,0,0,0,125.78,129.5,98.46,108.58,112.51,70.27
"Pittsburgh",2020-03-14,2,1,1,0,0,129.66,170.32,89.81,93.94,144.17,59.52
"Pittsburgh",2020-03-15,2,2,1,0,0,99.38,110.34,68.71,67.62,65.83,44.28
"Pittsburgh",2020-03-16,7,2,2,0,0,103.39,104.77,84.32,73.03,65.68,47.74
"Pittsburgh",2020-03-17,3,7,2,0,0,103.35,92.08,76.07,64.71,56.68,39.57
"Pittsburgh",2020-03-18,9,3,7,0,0,104.22,93.48,75.56,61.51,53.32,33.37
"Pittsburgh",2020-03-19,13,9,3,0,0,100.64,99.75,69.38,60,53.13,33.2
"Pittsburgh",2020-03-20,6,13,9,0,0,108.58,112.51,70.27,60.66,54.7,30.91
"Pittsburgh",2020-03-21,13,6,13,0,0,93.94,144.17,59.52,49.61,43.92,26.18
"Pittsburgh",2020-03-22,13,13,6,0,0,67.62,65.83,44.28,42.4,44.85,24.94
"Pittsburgh",2020-03-23,20,13,13,0,0,73.03,65.68,47.74,42.79,37.07,24.2
"Pittsburgh",2020-03-24,48,20,13,0,0,64.71,56.68,39.57,42.89,39.47,24.78
"Pittsburgh",2020-03-25,72,48,20,0,0,61.51,53.32,33.37,45.01,44.17,24.58
"Pittsburgh",2020-03-26,42,72,48,0,0,60,53.13,33.2,50.31,52.59,28.12
"Pittsburgh",2020-03-27,106,42,72,0,0,60.66,54.7,30.91,53.04,52.81,28.78
"Pittsburgh",2020-03-28,66,106,42,0,0,49.61,43.92,26.18,45.16,41.01,23.98
"Pittsburgh",2020-03-29,54,66,106,0,0,42.4,44.85,24.94,43.1,49.12,23.52
"Pittsburgh",2020-03-30,72,54,66,0,0,42.79,37.07,24.2,45.83,41.44,27.06
"Pittsburgh",2020-03-31,50,72,54,0,0,42.89,39.47,24.78,47.52,42.02,26.46
"Pittsburgh",2020-04-01,87,50,72,0,0,45.01,44.17,24.58,48.84,44.61,26.48
"Pittsburgh",2020-04-02,110,87,50,0,0,50.31,52.59,28.12,51.26,49.41,26.79
"Pittsburgh",2020-04-03,124,110,87,0,0,53.04,52.81,28.78,58.76,55.48,27.28
"Pittsburgh",2020-04-04,91,124,110,0,0,45.16,41.01,23.98,52.86,52.7,25.28
"Pittsburgh",2020-04-05,69,91,124,0,0,43.1,49.12,23.52,43.03,43.79,20.51
"Pittsburgh",2020-04-06,115,69,91,0,0,45.83,41.44,27.06,51.11,50.87,26.65
"Pittsburgh",2020-04-07,61,115,69,0,0,47.52,42.02,26.46,48.83,41.7,24.47
"Pittsburgh",2020-04-08,62,61,115,0,0,48.84,44.61,26.48,55.14,50.54,28.06
"Pittsburgh",2020-04-09,70,62,61,0,0,51.26,49.41,26.79,52.06,44.19,27.3
"Pittsburgh",2020-04-10,78,70,62,0,0,58.76,55.48,27.28,58.41,47.76,25.88
"Pittsburgh",2020-04-11,40,78,70,0,0,52.86,52.7,25.28,56.15,49.4,23.78
"Pittsburgh",2020-04-12,47,40,78,0,0,43.03,43.79,20.51,33.85,34.4,21.96
"Pittsburgh",2020-04-13,25,47,40,0,0,51.11,50.87,26.65,47.09,38.05,24.3
"Pittsburgh",2020-04-14,28,25,47,0,0,48.83,41.7,24.47,52.49,44.31,26.86
"Pittsburgh",2020-04-15,45,28,25,0,0,55.14,50.54,28.06,57,47.51,26.5
"Pittsburgh",2020-04-16,52,45,28,0,0,52.06,44.19,27.3,56.68,44.09,27.51
"Pittsburgh",2020-04-17,204,52,45,0,0,58.41,47.76,25.88,61.12,49.1,25.01
"Pittsburgh",2020-04-18,46,204,52,0,0,56.15,49.4,23.78,60.4,51.68,26.39
"Pittsburgh",2020-04-19,21,46,204,0,0,33.85,34.4,21.96,50.29,51.84,25.53
"Pittsburgh",2020-04-20,33,21,46,0,0,47.09,38.05,24.3,58.42,54.01,28.5
"Pittsburgh",2020-04-21,57,33,21,0,0,52.49,44.31,26.86,55.94,47.1,26.02
"Pittsburgh",2020-04-22,69,57,33,0,0,57,47.51,26.5,59.91,50.86,28.78
"Pittsburgh",2020-04-23,79,69,57,0,0,56.68,44.09,27.51,60.16,47.92,26.31
"Pittsburgh",2020-04-24,96,79,69,0,0,61.12,49.1,25.01,68.04,56.29,29.05
"Pittsburgh",2020-04-25,38,96,79,0,0,60.4,51.68,26.39,66.77,63.53,27.24
"Pittsburgh",2020-04-26,44,38,96,0,0,50.29,51.84,25.53,46.4,38.42,23.98
"Pittsburgh",2020-04-27,27,44,38,0,0,58.42,54.01,28.5,64.22,56.7,29.51
"Pittsburgh",2020-04-28,51,27,44,0,0,55.94,47.1,26.02,63.05,50.48,27.07
"Pittsburgh",2020-04-29,40,51,27,0,0,59.91,50.86,28.78,67.24,57.32,29.47
"Pittsburgh",2020-04-30,58,40,51,0,0,60.16,47.92,26.31,67.31,54.06,28.95
"Sacramento",2020-02-29,3,0,0,0,0,130.63,171.55,106.59,126.7,161.83,104.15
"Sacramento",2020-03-01,1,3,0,0,0,102,115.21,87.62,96.03,105.4,85.97
"Sacramento",2020-03-02,1,1,3,0,0,111.27,109,116.81,109.47,102.49,111.98
"Sacramento",2020-03-03,0,1,1,0,0,114.06,110.35,121.95,118.45,121.67,117.82
"Sacramento",2020-03-04,0,0,1,0,0,115.06,115.87,117.41,115.21,113.61,114.5
"Sacramento",2020-03-05,4,0,0,0,0,119.34,120.23,117.57,117.39,117.66,118.91
"Sacramento",2020-03-06,0,4,0,0,0,133.98,139.98,123.91,129.14,133.35,118.31
"Sacramento",2020-03-07,2,0,4,0,0,126.7,161.83,104.15,119.04,137.15,87.69
"Sacramento",2020-03-08,6,2,0,0,0,96.03,105.4,85.97,90.75,103.22,78.25
"Sacramento",2020-03-09,0,6,2,0,0,109.47,102.49,111.98,104.16,102.25,106.48
"Sacramento",2020-03-10,0,0,6,0,0,118.45,121.67,117.82,108.58,107.26,108.77
"Sacramento",2020-03-11,7,0,0,0,0,115.21,113.61,114.5,109.08,114.48,111.33
"Sacramento",2020-03-12,1,7,0,0,0,117.39,117.66,118.91,107.02,104.05,105.6
"Sacramento",2020-03-13,13,1,7,0,0,129.14,133.35,118.31,112.99,115.42,97.88
"Sacramento",2020-03-14,4,13,1,0,0,119.04,137.15,87.69,86.86,92.59,63.06
"Sacramento",2020-03-15,0,4,13,0,0,90.75,103.22,78.25,63.79,60.44,54.48
"Sacramento",2020-03-16,9,0,4,0,0,104.16,102.25,106.48,78.93,69.54,63.09
"Sacramento",2020-03-17,2,9,0,0,0,108.58,107.26,108.77,75.51,72.47,61.22
"Sacramento",2020-03-18,5,2,9,0,0,109.08,114.48,111.33,68.14,63.29,49.45
"Sacramento",2020-03-19,9,5,2,0,0,107.02,104.05,105.6,69.79,70.79,49.99
"Sacramento",2020-03-20,5,9,5,0,0,112.99,115.42,97.88,61.66,60.3,39.75
"Sacramento",2020-03-21,0,5,9,0,0,86.86,92.59,63.06,52.06,60.16,35.84
"Sacramento",2020-03-22,45,0,5,0,0,63.79,60.44,54.48,41.85,49.86,32.43
"Sacramento",2020-03-23,9,45,0,0,0,78.93,69.54,63.09,53.47,56.06,43.07
"Sacramento",2020-03-24,30,9,45,0,0,75.51,72.47,61.22,52.57,50.66,35.12
"Sacramento",2020-03-25,6,30,9,0,0,68.14,63.29,49.45,54.19,56.66,35.74
"Sacramento",2020-03-26,71,6,30,0,0,69.79,70.79,49.99,56.89,56.68,34.74
"Sacramento",2020-03-27,3,71,6,0,0,61.66,60.3,39.75,61.32,62.04,33.88
"Sacramento",2020-03-28,9,3,71,0,0,52.06,60.16,35.84,48.71,46.2,29.07
"Sacramento",2020-03-29,75,9,3,0,0,41.85,49.86,32.43,41.57,49.46,29.2
"Sacramento",2020-03-30,14,75,9,0,0,53.47,56.06,43.07,55.71,57.9,36.52
"Sacramento",2020-03-31,104,14,75,0,0,52.57,50.66,35.12,57.56,61.43,35.84
"Sacramento",2020-04-01,39,104,14,0,0,54.19,56.66,35.74,57.81,61.8,36.87
"Sacramento",2020-04-02,64,39,104,0,0,56.89,56.68,34.74,59.09,63.59,34.05
"Sacramento",2020-04-03,22,64,39,0,0,61.32,62.04,33.88,65.34,67.12,34.52
"Sacramento",2020-04-04,40,22,64,0,0,48.71,46.2,29.07,49.18,44.5,23.82
"Sacramento",2020-04-05,39,40,22,0,0,41.57,49.46,29.2,37.76,33.64,21.54
"Sacramento",2020-04-06,81,39,40,0,0,55.71,57.9,36.52,53.92,52.87,27.7
"Sacramento",2020-04-07,69,81,39,0,0,57.56,61.43,35.84,58.41,62.16,33.57
"Sacramento",2020-04-08,41,69,81,0,0,57.81,61.8,36.87,57.6,59.32,31.14
"Sacramento",2020-04-09,49,41,69,0,0,59.09,63.59,34.05,59.18,58.8,30.73
"Sacramento",2020-04-10,61,49,41,0,0,65.34,67.12,34.52,67.05,69.1,30.34
"Sacramento",2020-04-11,13,61,49,0,0,49.18,44.5,23.82,58.84,64.16,29.42
"Sacramento",2020-04-12,45,13,61,0,0,37.76,33.64,21.54,39.68,45.44,25.83
"Sacramento",2020-04-13,80,45,13,0,0,53.92,52.87,27.7,59.23,63.4,30.68
"Sacramento",2020-04-14,52,80,45,0,0,58.41,62.16,33.57,61.78,67.41,32.53
"Sacramento",2020-04-15,36,52,80,0,0,57.6,59.32,31.14,65.19,66.85,30.71
"Sacramento",2020-04-16,19,36,52,0,0,59.18,58.8,30.73,65.42,67.41,33.45
"Sacramento",2020-04-17,30,19,36,0,0,67.05,69.1,30.34,71.52,68.87,32.12
"Sacramento",2020-04-18,12,30,19,0,0,58.84,64.16,29.42,65.15,68.88,30.23
"Sacramento",2020-04-19,22,12,30,0,0,39.68,45.44,25.83,53.65,57.94,28.39
"Sacramento",2020-04-20,20,22,12,0,0,59.23,63.4,30.68,65.94,64.65,34.41
"Sacramento",2020-04-21,22,20,22,0,0,61.78,67.41,32.53,66.08,70.79,32.36
"Sacramento",2020-04-22,24,22,20,0,0,65.19,66.85,30.71,67.57,70.34,33.34
"Sacramento",2020-04-23,39,24,22,0,0,65.42,67.41,33.45,70.26,71.39,35.44
"Sacramento",2020-04-24,7,39,24,0,0,71.52,68.87,32.12,76.3,75.69,36.12
"Sacramento",2020-04-25,17,7,39,0,0,65.15,68.88,30.23,69.94,74.27,34.73
"Sacramento",2020-04-26,11,17,7,0,0,53.65,57.94,28.39,57.49,62.11,30.35
"Sacramento",2020-04-27,12,11,17,0,0,65.94,64.65,34.41,69.58,73.16,36.5
"Sacramento",2020-04-28,16,12,11,0,0,66.08,70.79,32.36,72,73.76,36.54
"Sacramento",2020-04-29,12,16,12,0,0,67.57,70.34,33.34,71.69,72.77,34.97
"Sacramento",2020-04-30,24,12,16,0,0,70.26,71.39,35.44,75.4,76.53,37.05
"Seattle",2020-02-29,13,0,0,0,0,146.45,179.37,86.98,154.1,183,101.58
"Seattle",2020-03-01,5,13,0,0,0,108.6,116,70.28,113.82,127.69,72.42
"Seattle",2020-03-02,9,5,13,0,0,126.8,114.48,87.48,124.53,101.48,80.1
"Seattle",2020-03-03,14,9,5,0,0,136.55,126.12,91.37,126.05,105.59,79.48
"Seattle",2020-03-04,28,14,9,0,0,142.72,132,92.77,128.11,112.78,79.71
"Seattle",2020-03-05,9,28,14,0,0,154.23,147.3,98.57,124.27,109.89,75.94
"Seattle",2020-03-06,23,9,28,0,0,166.7,164.04,104.73,133.98,124.29,75.1
"Seattle",2020-03-07,30,23,9,0,0,154.1,183,101.58,124.09,133.27,71.83
"Seattle",2020-03-08,38,30,23,0,0,113.82,127.69,72.42,94.17,96.77,56.04
"Seattle",2020-03-09,97,38,30,0,0,124.53,101.48,80.1,111.49,96.96,65.82
"Seattle",2020-03-10,55,97,38,0,0,126.05,105.59,79.48,111.23,88.98,63.26
"Seattle",2020-03-11,74,55,97,0,0,128.11,112.78,79.71,107.96,85.09,59.54
"Seattle",2020-03-12,85,74,55,0,0,124.27,109.89,75.94,103.41,83.14,53.57
"Seattle",2020-03-13,89,85,74,0,0,133.98,124.29,75.1,105.68,78.95,50.86
"Seattle",2020-03-14,56,89,85,0,0,124.09,133.27,71.83,92.01,79.5,41.79
"Seattle",2020-03-15,107,56,89,0,0,94.17,96.77,56.04,73.69,63.24,35.71
"Seattle",2020-03-16,95,107,56,0,0,111.49,96.96,65.82,83.85,62.35,37.39
"Seattle",2020-03-17,101,95,107,0,0,111.23,88.98,63.26,77.18,57.84,31.54
"Seattle",2020-03-18,187,101,95,0,0,107.96,85.09,59.54,76.27,61.13,30.28
"Seattle",2020-03-19,146,187,101,0,0,103.41,83.14,53.57,76.65,59.96,28.25
"Seattle",2020-03-20,215,146,187,0,0,105.68,78.95,50.86,82.7,62.79,28.76
"Seattle",2020-03-21,147,215,146,0,0,92.01,79.5,41.79,67.93,57.37,24.23
"Seattle",2020-03-22,187,147,215,0,0,73.69,63.24,35.71,51.79,43.04,20.55
"Seattle",2020-03-23,219,187,147,0,0,83.85,62.35,37.39,61.44,45.48,23.25
"Seattle",2020-03-24,119,219,187,0,0,77.18,57.84,31.54,59.44,41.79,21.11
"Seattle",2020-03-25,395,119,219,0,0,76.27,61.13,30.28,56.51,41.88,19.25
"Seattle",2020-03-26,431,395,119,0,0,76.65,59.96,28.25,50.48,37.05,17.98
"Seattle",2020-03-27,299,431,395,0,0,82.7,62.79,28.76,54.29,40.6,17.77
"Seattle",2020-03-28,274,299,431,0,0,67.93,57.37,24.23,47.93,39.17,15.88
"Seattle",2020-03-29,263,274,299,0,0,51.79,43.04,20.55,43.16,42.22,15.89
"Seattle",2020-03-30,102,263,274,0,0,61.44,45.48,23.25,49.1,35.77,17.38
"Seattle",2020-03-31,313,102,263,0,0,59.44,41.79,21.11,52.05,39.71,17.2
"Seattle",2020-04-01,306,313,102,0,0,56.51,41.88,19.25,53.83,43.58,17.98
"Seattle",2020-04-02,284,306,313,0,0,50.48,37.05,17.98,52.99,40.28,17.33
"Seattle",2020-04-03,213,284,306,0,0,54.29,40.6,17.77,58.93,42.21,17.59
"Seattle",2020-04-04,393,213,284,0,0,47.93,39.17,15.88,54.44,47.28,15.43
"Seattle",2020-04-05,237,393,213,0,0,43.16,42.22,15.89,44.38,40.69,14.52
"Seattle",2020-04-06,254,237,393,0,0,49.1,35.77,17.38,54.43,48.13,18.36
"Seattle",2020-04-07,273,254,237,0,0,52.05,39.71,17.2,56.21,45.97,18.04
"Seattle",2020-04-08,248,273,254,0,0,53.83,43.58,17.98,58.36,49.98,17.65
"Seattle",2020-04-09,368,248,273,0,0,52.99,40.28,17.33,60.26,52.36,17.9
"Seattle",2020-04-10,225,368,248,0,0,58.93,42.21,17.59,67.15,55.99,17.79
"Seattle",2020-04-11,205,225,368,0,0,54.44,47.28,15.43,59.7,50.52,16.11
"Seattle",2020-04-12,202,205,225,0,0,44.38,40.69,14.52,44.89,43.19,14.29
"Seattle",2020-04-13,144,202,205,0,0,54.43,48.13,18.36,57.45,48.16,17.78
"Seattle",2020-04-14,137,144,202,0,0,56.21,45.97,18.04,59.67,49.02,17.71
"Seattle",2020-04-15,192,137,144,0,0,58.36,49.98,17.65,63.98,50.01,17.37
"Seattle",2020-04-16,145,192,137,0,0,60.26,52.36,17.9,65.95,53.43,18.58
"Seattle",2020-04-17,255,145,192,0,0,67.15,55.99,17.79,72.16,54.6,17.9
"Seattle",2020-04-18,180,255,145,0,0,59.7,50.52,16.11,63.04,49.45,16.59
"Seattle",2020-04-19,165,180,255,0,0,44.89,43.19,14.29,56.46,50.53,15.73
"Seattle",2020-04-20,117,165,180,0,0,57.45,48.16,17.78,65.27,55.53,18.92
"Seattle",2020-04-21,139,117,165,0,0,59.67,49.02,17.71,61.34,44.81,17.55
"Seattle",2020-04-22,171,139,117,0,0,63.98,50.01,17.37,61.09,39.87,16.27
"Seattle",2020-04-23,173,171,139,0,0,65.95,53.43,18.58,65.62,47.08,17.39
"Seattle",2020-04-24,172,173,171,0,0,72.16,54.6,17.9,74.79,53.89,18.34
"Seattle",2020-04-25,129,172,173,0,0,63.04,49.45,16.59,69.68,56.06,15.96
"Seattle",2020-04-26,150,129,172,0,0,56.46,50.53,15.73,57.89,48.87,16.48
"Seattle",2020-04-27,112,150,129,0,0,65.27,55.53,18.92,65.61,51.01,18.32
"Seattle",2020-04-28,193,112,150,0,0,61.34,44.81,17.55,67.11,49.9,18.23
"Seattle",2020-04-29,185,193,112,0,0,61.09,39.87,16.27,69.1,52.06,18.66
"Seattle",2020-04-30,146,185,193,0,0,65.62,47.08,17.39,72.43,53.93,18.65
"Stockholm",2020-02-26,0,0,0,0,0,111.34,124.66,113.87,99.21,101.02,102.22
"Stockholm",2020-02-27,1,0,0,0,0,112.74,116.76,108.94,95.76,96.53,104.2
"Stockholm",2020-02-28,2,1,0,0,0,117.54,136.13,110.67,101.67,120.02,105.38
"Stockholm",2020-02-29,1,2,1,0,0,117.46,120.66,116.05,104.54,124.03,109.62
"Stockholm",2020-03-01,0,1,2,0,0,103.12,93.76,102.45,100.19,83.71,100.3
"Stockholm",2020-03-02,1,0,1,0,0,95.75,98.07,99.76,99.26,101.49,100.56
"Stockholm",2020-03-03,10,1,0,0,0,99.21,102.4,102.01,102.89,104.27,102.01
"Stockholm",2020-03-04,21,10,1,0,0,99.21,101.02,102.22,103.72,103.76,100.56
"Stockholm",2020-03-05,22,21,10,0,0,95.76,96.53,104.2,103.97,110.45,103.94
"Stockholm",2020-03-06,36,22,21,0,0,101.67,120.02,105.38,113.11,143.14,115.65
"Stockholm",2020-03-07,21,36,22,0,0,104.54,124.03,109.62,122.35,147.9,121.03
"Stockholm",2020-03-08,29,21,36,0,0,100.19,83.71,100.3,109.2,98.23,105.27
"Stockholm",2020-03-09,64,29,21,0,0,99.26,101.49,100.56,98.76,102.81,100.02
"Stockholm",2020-03-10,26,64,29,0,0,102.89,104.27,102.01,99.48,103.52,93.39
"Stockholm",2020-03-11,32,26,64,0,0,103.72,103.76,100.56,95.74,97.27,86.56
"Stockholm",2020-03-12,42,32,26,0,0,103.97,110.45,103.94,84.29,73.74,73.86
"Stockholm",2020-03-13,31,42,32,0,0,113.11,143.14,115.65,84.52,84.43,74.28
"Stockholm",2020-03-14,18,31,42,0,0,122.35,147.9,121.03,83.9,85.27,73.46
"Stockholm",2020-03-15,17,18,31,0,0,109.2,98.23,105.27,79.01,59.53,64.4
"Stockholm",2020-03-16,34,17,18,0,0,98.76,102.81,100.02,73.96,61.25,58.38
"Stockholm",2020-03-17,35,34,17,0,0,99.48,103.52,93.39,71.18,55.6,53.14
"Stockholm",2020-03-18,58,35,34,0,0,95.74,97.27,86.56,69.79,51.86,52.16
"Stockholm",2020-03-19,66,58,35,0,0,84.29,73.74,73.86,73.45,63.11,50.92
"Stockholm",2020-03-20,84,66,58,0,0,84.52,84.43,74.28,72.47,59.44,52.34
"Stockholm",2020-03-21,71,84,66,0,0,83.9,85.27,73.46,74.18,64.84,54.53
"Stockholm",2020-03-22,59,71,84,0,0,79.01,59.53,64.4,75.96,60.75,51.7
"Stockholm",2020-03-23,99,59,71,0,0,73.96,61.25,58.38,69.22,53.2,48.19
"Stockholm",2020-03-24,105,99,59,0,0,71.18,55.6,53.14,71.2,56.36,47.69
"Stockholm",2020-03-25,154,105,99,0,0,69.79,51.86,52.16,74.71,62.04,48.15
"Stockholm",2020-03-26,132,154,105,0,0,73.45,63.11,50.92,76.56,64.47,47.15
"Stockholm",2020-03-27,176,132,154,0,0,72.47,59.44,52.34,78.87,68.1,49.1
"Stockholm",2020-03-28,147,176,132,0,0,74.18,64.84,54.53,79.29,65.61,49.78
"Stockholm",2020-03-29,150,147,176,0,0,75.96,60.75,51.7,78.44,58.46,49.56
"Stockholm",2020-03-30,172,150,147,0,0,69.22,53.2,48.19,71.97,48.12,46.12
"Stockholm",2020-03-31,209,172,150,0,0,71.2,56.36,47.69,76.1,58.84,47.14
"Stockholm",2020-04-01,205,209,172,0,0,74.71,62.04,48.15,78.98,63.66,47.94
"Stockholm",2020-04-02,216,205,209,0,0,76.56,64.47,47.15,77.39,54.35,46.21
"Stockholm",2020-04-03,245,216,205,0,0,78.87,68.1,49.1,76.08,58.67,46.02
"Stockholm",2020-04-04,129,245,216,0,0,79.29,65.61,49.78,78.25,67.44,48.96
"Stockholm",2020-04-05,172,129,245,0,0,78.44,58.46,49.56,80.4,61.83,48.12
"Stockholm",2020-04-06,131,172,129,0,0,71.97,48.12,46.12,87.92,73.51,51.42
"Stockholm",2020-04-07,243,131,172,0,0,76.1,58.84,47.14,85.68,62.66,51.83
"Stockholm",2020-04-08,271,243,131,0,0,78.98,63.66,47.94,92.35,73.73,52.62
"Stockholm",2020-04-09,240,271,243,0,0,77.39,54.35,46.21,89.54,67.6,52.78
"Stockholm",2020-04-10,148,240,271,0,0,76.08,58.67,46.02,74.37,60.44,48.99
"Stockholm",2020-04-11,200,148,240,0,0,78.25,67.44,48.96,65.31,53.86,42.79
"Stockholm",2020-04-12,182,200,148,0,0,80.4,61.83,48.12,69.37,49.03,46.87
"Stockholm",2020-04-13,200,182,200,0,0,87.92,73.51,51.42,83.34,57.28,51.51
"Stockholm",2020-04-14,179,200,182,0,0,85.68,62.66,51.83,83.7,61.37,54.48
"Stockholm",2020-04-15,215,179,200,0,0,92.35,73.73,52.62,88.63,75.24,53.85
"Stockholm",2020-04-16,221,215,179,0,0,89.54,67.6,52.78,88.39,68.33,52.8
"Stockholm",2020-04-17,221,221,215,1,0,74.37,60.44,48.99,94.71,72.91,55.86
"Stockholm",2020-04-18,180,221,221,1,0,65.31,53.86,42.79,93.79,77,57.94
"Stockholm",2020-04-19,192,180,221,1,0,69.37,49.03,46.87,95.1,73.03,58.57
"Stockholm",2020-04-20,211,192,180,1,0,83.34,57.28,51.51,87.29,69.65,56.16
"Stockholm",2020-04-21,163,211,192,0,0,83.7,61.37,54.48,94.16,82.08,55.3
"Stockholm",2020-04-22,288,163,211,0,0,88.63,75.24,53.85,94.9,83.04,56.28
"Stockholm",2020-04-23,291,288,163,0,0,88.39,68.33,52.8,96.86,81.53,56.49
"Stockholm",2020-04-24,233,291,288,0,0,94.71,72.91,55.86,96.01,74.21,57.13
"Stockholm",2020-04-25,138,233,291,0,0,93.79,77,57.94,96.51,76.54,62.34
"Stockholm",2020-04-26,110,138,233,0,0,95.1,73.03,58.57,98.17,75.61,57.57
"Stockholm",2020-04-27,226,110,138,0,0,87.29,69.65,56.16,89.91,63.05,59.1
"Stockholm",2020-04-28,259,226,110,0,0,94.16,82.08,55.3,88.8,59.66,53.37
"Stockholm",2020-04-29,279,259,226,0,0,94.9,83.04,56.28,94.05,65.84,56.81
"Stockholm",2020-04-30,257,279,259,0,0,96.86,81.53,56.49,96.19,74.79,59.49
"Tampa",2020-02-29,1,0,0,0,0,126.34,152.55,88.82,131.2,147.38,85.93
"Tampa",2020-03-01,0,1,0,0,0,87.89,92.91,70.98,97.03,100.38,73.44
"Tampa",2020-03-02,1,0,1,0,0,104.85,90.55,92.4,106.05,94.4,96.18
"Tampa",2020-03-03,0,1,0,0,0,114.3,96.56,89.53,115.42,100.96,91.39
"Tampa",2020-03-04,0,0,1,0,0,119.11,93.22,88.47,117.47,98.31,90.21
"Tampa",2020-03-05,0,0,0,0,0,126,109.11,91.63,116.22,104.19,91.14
"Tampa",2020-03-06,0,0,0,0,0,136.8,125.77,95.52,129.78,121.91,93.68
"Tampa",2020-03-07,0,0,0,0,0,131.2,147.38,85.93,122.91,136.7,86.99
"Tampa",2020-03-08,0,0,0,0,0,97.03,100.38,73.44,87.98,86.04,69.22
"Tampa",2020-03-09,3,0,0,0,0,106.05,94.4,96.18,103.06,88.19,86.7
"Tampa",2020-03-10,0,3,0,0,0,115.42,100.96,91.39,108.78,92.32,87.83
"Tampa",2020-03-11,1,0,3,0,0,117.47,98.31,90.21,110.12,94.35,87.36
"Tampa",2020-03-12,0,1,0,0,0,116.22,104.19,91.14,109.91,94.01,85.75
"Tampa",2020-03-13,0,0,1,0,0,129.78,121.91,93.68,115.18,109.05,84.69
"Tampa",2020-03-14,4,0,0,0,0,122.91,136.7,86.99,96.05,101.87,68.48
"Tampa",2020-03-15,2,4,0,0,0,87.98,86.04,69.22,70.56,65.68,57.24
"Tampa",2020-03-16,3,2,4,0,0,103.06,88.19,86.7,81.4,72.94,64.78
"Tampa",2020-03-17,14,3,2,0,0,108.78,92.32,87.83,75.34,72.13,61.56
"Tampa",2020-03-18,16,14,3,0,0,110.12,94.35,87.36,68.94,65.15,53.56
"Tampa",2020-03-19,19,16,14,0,0,109.91,94.01,85.75,65.89,61.07,48.52
"Tampa",2020-03-20,25,19,16,0,0,115.18,109.05,84.69,68.57,62.25,47.41
"Tampa",2020-03-21,23,25,19,0,0,96.05,101.87,68.48,54.92,55.59,42.41
"Tampa",2020-03-22,23,23,25,0,0,70.56,65.68,57.24,41.06,41.79,33.82
"Tampa",2020-03-23,28,23,23,0,0,81.4,72.94,64.78,51.57,49.35,44.54
"Tampa",2020-03-24,40,28,23,0,0,75.34,72.13,61.56,51.29,48.53,38.94
"Tampa",2020-03-25,43,40,28,0,0,68.94,65.15,53.56,50.28,47.54,37.53
"Tampa",2020-03-26,47,43,40,0,0,65.89,61.07,48.52,49.67,49.28,35.22
"Tampa",2020-03-27,72,47,43,0,0,68.57,62.25,47.41,53.39,51.24,37.33
"Tampa",2020-03-28,31,72,47,0,0,54.92,55.59,42.41,40.23,41.21,29.19
"Tampa",2020-03-29,64,31,72,0,0,41.06,41.79,33.82,33.91,36.88,30.63
"Tampa",2020-03-30,76,64,31,0,0,51.57,49.35,44.54,45.35,45.8,31.32
"Tampa",2020-03-31,138,76,64,0,0,51.29,48.53,38.94,46,43.66,32.08
"Tampa",2020-04-01,103,138,76,0,0,50.28,47.54,37.53,49.04,46.21,35.59
"Tampa",2020-04-02,119,103,138,0,0,49.67,49.28,35.22,47.33,45.91,33.57
"Tampa",2020-04-03,73,119,103,0,0,53.39,51.24,37.33,48.55,46.29,35.74
"Tampa",2020-04-04,71,73,119,0,0,40.23,41.21,29.19,41.53,43.43,28.03
"Tampa",2020-04-05,69,71,73,0,0,33.91,36.88,30.63,30.5,28.96,22.25
"Tampa",2020-04-06,59,69,71,0,0,45.35,45.8,31.32,43.24,43.74,30.01
"Tampa",2020-04-07,42,59,69,0,0,46,43.66,32.08,44.13,43.74,32.35
"Tampa",2020-04-08,70,42,59,0,0,49.04,46.21,35.59,45.05,44.67,30.92
"Tampa",2020-04-09,34,70,42,0,0,47.33,45.91,33.57,46.42,44.93,31.87
"Tampa",2020-04-10,49,34,70,0,0,48.55,46.29,35.74,51.96,49.77,30.84
"Tampa",2020-04-11,82,49,34,0,0,41.53,43.43,28.03,45.27,46.62,28.75
"Tampa",2020-04-12,87,82,49,0,0,30.5,28.96,22.25,30.8,32.82,25.14
"Tampa",2020-04-13,29,87,82,0,0,43.24,43.74,30.01,45.86,45.06,30.9
"Tampa",2020-04-14,84,29,87,0,0,44.13,43.74,32.35,47.37,44.08,31.36
"Tampa",2020-04-15,29,84,29,0,0,45.05,44.67,30.92,50.82,44.93,31.4
"Tampa",2020-04-16,90,29,84,0,0,46.42,44.93,31.87,49.12,42,27.27
"Tampa",2020-04-17,48,90,29,0,0,51.96,49.77,30.84,57.89,53.16,32.66
"Tampa",2020-04-18,29,48,90,0,0,45.27,46.62,28.75,48.94,49.77,26.96
"Tampa",2020-04-19,32,29,48,0,0,30.8,32.82,25.14,42.38,42.83,30.9
"Tampa",2020-04-20,35,32,29,0,0,45.86,45.06,30.9,49.88,46.01,31.56
"Tampa",2020-04-21,14,35,32,0,0,47.37,44.08,31.36,52.34,49.01,32.35
"Tampa",2020-04-22,46,14,35,0,0,50.82,44.93,31.4,53.28,49.61,33.71
"Tampa",2020-04-23,43,46,14,0,0,49.12,42,27.27,55.81,52.04,33.55
"Tampa",2020-04-24,29,43,46,0,0,57.89,53.16,32.66,52.61,46.24,28.84
"Tampa",2020-04-25,15,29,43,0,0,48.94,49.77,26.96,56.95,56.08,32.18
"Tampa",2020-04-26,31,15,29,0,0,42.38,42.83,30.9,44.77,41.97,27.6
"Tampa",2020-04-27,31,31,15,0,0,49.88,46.01,31.56,55.62,52.63,36.17
"Tampa",2020-04-28,36,31,31,0,0,52.34,49.01,32.35,56.22,50.97,32
"Tampa",2020-04-29,39,36,31,0,0,53.28,49.61,33.71,58.52,54.85,34.5
"Tampa",2020-04-30,63,39,36,0,0,55.81,52.04,33.55,58.37,52.66,32.58
"Toronto",2020-02-15,1,2,0,0,0,107.83,120.51,91.5,113.36,132.36,91.48
"Toronto",2020-02-16,1,1,2,0,0,82.85,82.53,76.8,93.46,108.96,78.1
"Toronto",2020-02-17,0,1,1,0,0,98.57,99.13,94.28,77.81,84.58,74.57
"Toronto",2020-02-18,0,0,1,0,0,103.16,105.44,96.37,112.68,107.88,105.01
"Toronto",2020-02-19,0,0,0,0,0,104.66,105.93,96.55,110.47,111,102.06
"Toronto",2020-02-20,2,0,0,0,0,114.14,113.2,105.34,118.14,120.1,106.04
"Toronto",2020-02-21,1,2,0,0,0,131.44,136.5,106.43,135.46,151.17,119.23
"Toronto",2020-02-22,0,1,2,1,0,113.36,132.36,91.48,124.75,157.44,102.69
"Toronto",2020-02-23,0,0,1,1,0,93.46,108.96,78.1,94.34,106.78,82.78
"Toronto",2020-02-24,1,0,0,1,0,77.81,84.58,74.57,100.31,106.95,96.38
"Toronto",2020-02-25,0,1,0,0,0,112.68,107.88,105.01,105.8,106.05,97.42
"Toronto",2020-02-26,1,0,1,0,0,110.47,111,102.06,95.55,90.75,91.14
"Toronto",2020-02-27,0,1,0,0,0,118.14,120.1,106.04,101.35,93.96,91.91
"Toronto",2020-02-28,2,0,1,0,0,135.46,151.17,119.23,121.95,114.26,101.46
"Toronto",2020-02-29,1,2,0,0,0,124.75,157.44,102.69,115.09,127.32,96
"Toronto",2020-03-01,10,1,2,0,0,94.34,106.78,82.78,86.44,95.86,78.23
"Toronto",2020-03-02,7,10,1,0,0,100.31,106.95,96.38,102.49,104.85,96.47
"Toronto",2020-03-03,11,7,10,0,0,105.8,106.05,97.42,112.25,112.16,99.29
"Toronto",2020-03-04,6,11,7,0,0,95.55,90.75,91.14,110.69,119.56,101.12
"Toronto",2020-03-05,11,6,11,0,0,101.35,93.96,91.91,117.3,130.82,108.56
"Toronto",2020-03-06,9,11,6,0,0,121.95,114.26,101.46,118.02,123.1,101.25
"Toronto",2020-03-07,11,9,11,0,0,115.09,127.32,96,113.84,142.35,94.85
"Toronto",2020-03-08,9,11,9,0,0,86.44,95.86,78.23,89.61,110.63,78.97
"Toronto",2020-03-09,23,9,11,0,0,102.49,104.85,96.47,100.41,115.03,95.76
"Toronto",2020-03-10,27,23,9,0,0,112.25,112.16,99.29,102.48,104.64,91.15
"Toronto",2020-03-11,29,27,23,0,0,110.69,119.56,101.12,98.95,100.89,89.65
"Toronto",2020-03-12,43,29,27,0,0,117.3,130.82,108.56,96.3,96.24,82.3
"Toronto",2020-03-13,55,43,29,0,0,118.02,123.1,101.25,95.52,93.02,74.08
"Toronto",2020-03-14,57,55,43,0,0,113.84,142.35,94.85,77.54,85.78,59.03
"Toronto",2020-03-15,48,57,55,0,0,89.61,110.63,78.97,58.99,64.95,48.41
"Toronto",2020-03-16,74,48,57,0,0,100.41,115.03,95.76,67.65,62.02,47.04
"Toronto",2020-03-17,98,74,48,0,0,102.48,104.64,91.15,59.18,52.24,37.11
"Toronto",2020-03-18,88,98,74,0,0,98.95,100.89,89.65,54.83,47.08,33.01
"Toronto",2020-03-19,81,88,98,0,0,96.3,96.24,82.3,52.76,47.32,30.24
"Toronto",2020-03-20,79,81,88,0,0,95.52,93.02,74.08,52.49,45.59,28.79
"Toronto",2020-03-21,68,79,81,0,0,77.54,85.78,59.03,43.4,41.38,25.4
"Toronto",2020-03-22,53,68,79,0,0,58.99,64.95,48.41,33.22,33.73,21.74
"Toronto",2020-03-23,90,53,68,0,1,67.65,62.02,47.04,40.23,32.85,23.54
"Toronto",2020-03-24,73,90,53,0,1,59.18,52.24,37.11,41.8,37.65,21.81
"Toronto",2020-03-25,77,73,90,0,1,54.83,47.08,33.01,38.72,37.51,20.07
"Toronto",2020-03-26,90,77,73,0,1,52.76,47.32,30.24,38.27,36.59,19.2
"Toronto",2020-03-27,88,90,77,0,1,52.49,45.59,28.79,42.98,41.56,19.66
"Toronto",2020-03-28,94,88,90,0,0,43.4,41.38,25.4,33.08,29.89,16.75
"Toronto",2020-03-29,84,94,88,0,0,33.22,33.73,21.74,29.21,32.76,16.95
"Toronto",2020-03-30,96,84,94,0,0,40.23,32.85,23.54,37.13,32.4,19.42
"Toronto",2020-03-31,106,96,84,0,0,41.8,37.65,21.81,38.83,34.07,19.68
"Toronto",2020-04-01,158,106,96,0,0,38.72,37.51,20.07,40.44,41.29,19.09
"Toronto",2020-04-02,142,158,106,0,0,38.27,36.59,19.2,40.35,40.97,18.95
"Toronto",2020-04-03,135,142,158,0,0,42.98,41.56,19.66,42.83,37.27,17.91
"Toronto",2020-04-04,130,135,142,0,0,33.08,29.89,16.75,35.54,36.09,16
"Toronto",2020-04-05,132,130,135,0,0,29.21,32.76,16.95,29.32,34.4,15.7
"Toronto",2020-04-06,165,132,130,0,0,37.13,32.4,19.42,38.66,39.02,17.75
"Toronto",2020-04-07,173,165,132,0,0,38.83,34.07,19.68,38.99,35.57,16.62
"Toronto",2020-04-08,180,173,165,0,0,40.44,41.29,19.09,41.18,40.45,16.59
"Toronto",2020-04-09,175,180,173,0,0,40.35,40.97,18.95,45.08,37.03,16.63
"Toronto",2020-04-10,196,175,180,0,0,42.83,37.27,17.91,32.74,30.42,14.45
"Toronto",2020-04-11,187,196,175,0,0,35.54,36.09,16,38.54,35.27,15.44
"Toronto",2020-04-12,185,187,196,0,0,29.32,34.4,15.7,26.97,29.38,13.68
"Toronto",2020-04-13,301,185,187,0,0,38.66,39.02,17.75,35.85,28.95,16.78
"Toronto",2020-04-14,281,301,185,0,0,38.99,35.57,16.62,42.21,36.03,17.64
"Toronto",2020-04-15,299,281,301,0,0,41.18,40.45,16.59,43.43,34.69,17.11
"Toronto",2020-04-16,200,299,281,0,0,45.08,37.03,16.63,43.91,33.88,16.56
"Toronto",2020-04-17,259,200,299,1,0,32.74,30.42,14.45,47.86,38.52,17.2
"Toronto",2020-04-18,243,259,200,1,0,38.54,35.27,15.44,42.76,40.44,16.29
"Toronto",2020-04-19,137,243,259,1,0,26.97,29.38,13.68,33.53,30.87,15.41
"Toronto",2020-04-20,229,137,243,1,0,35.85,28.95,16.78,45.81,41,19.44
"Toronto",2020-04-21,183,229,137,0,0,42.21,36.03,17.64,44.68,32.88,17.13
"Toronto",2020-04-22,218,183,229,0,0,43.43,34.69,17.11,47.45,38.99,17.73
"Toronto",2020-04-23,175,218,183,0,0,43.91,33.88,16.56,48.15,38.56,17.81
"Toronto",2020-04-24,192,175,218,0,0,47.86,38.52,17.2,53.44,42.61,18.77
"Toronto",2020-04-25,154,192,175,0,0,42.76,40.44,16.29,49.55,50.43,17.74
"Toronto",2020-04-26,131,154,192,0,0,33.53,30.87,15.41,35.59,29.87,16.02
"Toronto",2020-04-27,206,131,154,0,0,45.81,41,19.44,49.83,48.44,20.32
"Toronto",2020-04-28,228,206,131,0,0,44.68,32.88,17.13,49.63,41.97,19.5
"Toronto",2020-04-29,170,228,206,0,0,47.45,38.99,17.73,50.16,39.47,18.96
"Toronto",2020-04-30,185,170,228,0,0,48.15,38.56,17.81,52.25,42.66,20.39
