"city","date","weekNum","case.rate","casesTminus1.rate","casesTminus2.rate","testingNearMe"
"Albuquerque",2020-03-01,1,0,NA,NA,NA
"Albuquerque",2020-03-08,2,0.87,0,NA,NA
"Albuquerque",2020-03-15,3,3.38,0.87,0,10
"Albuquerque",2020-03-15,3,3.38,0.87,0,10
"Albuquerque",2020-03-22,4,7.64,3.38,0.87,5
"Albuquerque",2020-03-22,4,7.64,3.38,0.87,5
"Albuquerque",2020-03-29,5,21.4,7.64,3.38,3
"Albuquerque",2020-03-29,5,21.4,7.64,3.38,3
"Albuquerque",2020-04-05,6,37.12,21.4,7.64,2
"Albuquerque",2020-04-05,6,37.12,21.4,7.64,2
"Albuquerque",2020-04-12,7,25.22,37.12,21.4,2
"Albuquerque",2020-04-12,7,25.22,37.12,21.4,2
"Albuquerque",2020-04-19,8,23.26,25.22,37.12,2
"Albuquerque",2020-04-19,8,23.26,25.22,37.12,2
"Albuquerque",2020-04-26,9,29.37,23.26,25.22,5
"Albuquerque",2020-04-26,9,29.37,23.26,25.22,5
"Albuquerque",2020-05-03,10,23.69,29.37,23.26,18
"Albuquerque",2020-05-03,10,23.69,29.37,23.26,18
"Albuquerque",2020-05-10,11,20.74,23.69,29.37,8
"Albuquerque",2020-05-10,11,20.74,23.69,29.37,8
"Albuquerque",2020-05-17,12,20.31,20.74,23.69,16
"Albuquerque",2020-05-17,12,20.31,20.74,23.69,16
"Albuquerque",2020-05-24,13,22.16,20.31,20.74,15
"Albuquerque",2020-05-24,13,22.16,20.31,20.74,15
"Albuquerque",2020-05-31,14,15.39,22.16,20.31,10
"Albuquerque",2020-05-31,14,15.39,22.16,20.31,10
"Albuquerque",2020-06-07,15,15.72,15.39,22.16,10
"Albuquerque",2020-06-07,15,15.72,15.39,22.16,10
"Albuquerque",2020-06-14,16,19.87,15.72,15.39,32
"Albuquerque",2020-06-14,16,19.87,15.72,15.39,32
"Albuquerque",2020-06-21,17,31.77,19.87,15.72,48
"Albuquerque",2020-06-21,17,31.77,19.87,15.72,48
"Albuquerque",2020-06-28,18,53.93,31.77,19.87,68
"Albuquerque",2020-06-28,18,53.93,31.77,19.87,68
"Albuquerque",2020-07-05,19,71.51,53.93,31.77,37
"Albuquerque",2020-07-05,19,71.51,53.93,31.77,37
"Albuquerque",2020-07-12,20,96.62,71.51,53.93,22
"Albuquerque",2020-07-12,20,96.62,71.51,53.93,22
"Albuquerque",2020-07-19,21,85.92,96.62,71.51,16
"Albuquerque",2020-07-19,21,85.92,96.62,71.51,16
"Albuquerque",2020-07-26,22,69.11,85.92,96.62,5
"Albuquerque",2020-07-26,22,69.11,85.92,96.62,5
"Albuquerque",2020-08-02,23,41.92,69.11,85.92,8
"Albuquerque",2020-08-02,23,41.92,69.11,85.92,8
"Albuquerque",2020-08-09,24,34.28,41.92,69.11,10
"Albuquerque",2020-08-09,24,34.28,41.92,69.11,10
"Albuquerque",2020-08-16,25,27.95,34.28,41.92,5
"Albuquerque",2020-08-16,25,27.95,34.28,41.92,5
"Albuquerque",2020-08-23,26,36.9,27.95,34.28,10
"Albuquerque",2020-08-23,26,36.9,27.95,34.28,10
"Albuquerque",2020-08-30,27,22.05,36.9,27.95,5
"Albuquerque",2020-08-30,27,22.05,36.9,27.95,5
"Albuquerque",2020-09-06,28,13.87,22.05,36.9,5
"Albuquerque",2020-09-06,28,13.87,22.05,36.9,5
"Albuquerque",2020-09-13,29,23.36,13.87,22.05,3
"Albuquerque",2020-09-13,29,23.36,13.87,22.05,3
"Albuquerque",2020-09-20,30,31.55,23.36,13.87,14
"Albuquerque",2020-09-20,30,31.55,23.36,13.87,14
"Albuquerque",2020-09-27,31,55.14,31.55,23.36,25
"Albuquerque",2020-09-27,31,55.14,31.55,23.36,25
"Albuquerque",2020-10-04,32,99.9,55.14,31.55,41
"Albuquerque",2020-10-04,32,99.9,55.14,31.55,41
"Albuquerque",2020-10-11,33,162.57,99.9,55.14,30
"Albuquerque",2020-10-11,33,162.57,99.9,55.14,30
"Albuquerque",2020-10-18,34,187.24,162.57,99.9,36
"Albuquerque",2020-10-18,34,187.24,162.57,99.9,36
"Albuquerque",2020-10-25,35,210.28,187.24,162.57,50
"Albuquerque",2020-10-25,35,210.28,187.24,162.57,50
"Albuquerque",2020-11-01,36,269.89,210.28,187.24,100
"Albuquerque",2020-11-01,36,269.89,210.28,187.24,100
"Albuquerque",2020-11-08,37,389.99,269.89,210.28,77
"Albuquerque",2020-11-08,37,389.99,269.89,210.28,77
"Albuquerque",2020-11-15,38,736.3,389.99,269.89,50
"Albuquerque",2020-11-15,38,736.3,389.99,269.89,50
"Albuquerque",2020-11-22,39,705.41,736.3,389.99,48
"Albuquerque",2020-11-22,39,705.41,736.3,389.99,48
"Albuquerque",2020-11-29,40,610.64,705.41,736.3,48
"Albuquerque",2020-11-29,40,610.64,705.41,736.3,48
"Albuquerque",2020-12-06,41,552.77,610.64,705.41,31
"Albuquerque",2020-12-06,41,552.77,610.64,705.41,31
"Atlanta",2020-03-01,1,0.1,NA,NA,NA
"Atlanta",2020-03-08,2,0.84,0.1,NA,NA
"Atlanta",2020-03-15,3,5.28,0.84,0.1,4
"Atlanta",2020-03-22,4,18.69,5.28,0.84,3
"Atlanta",2020-03-29,5,38.92,18.69,5.28,3
"Atlanta",2020-04-05,6,35.63,38.92,18.69,6
"Atlanta",2020-04-12,7,50.5,35.63,38.92,3
"Atlanta",2020-04-19,8,41.51,50.5,35.63,3
"Atlanta",2020-04-26,9,41.46,41.51,50.5,8
"Atlanta",2020-05-03,10,40.69,41.46,41.51,8
"Atlanta",2020-05-10,11,28.82,40.69,41.46,8
"Atlanta",2020-05-17,12,31.26,28.82,40.69,11
"Atlanta",2020-05-24,13,54.12,31.26,28.82,11
"Atlanta",2020-05-31,14,37.26,54.12,31.26,9
"Atlanta",2020-06-07,15,39.09,37.26,54.12,11
"Atlanta",2020-06-14,16,45.58,39.09,37.26,13
"Atlanta",2020-06-21,17,95.85,45.58,39.09,45
"Atlanta",2020-06-28,18,147.63,95.85,45.58,69
"Atlanta",2020-07-05,19,157.68,147.63,95.85,100
"Atlanta",2020-07-12,20,186.57,157.68,147.63,55
"Atlanta",2020-07-19,21,198.4,186.57,157.68,38
"Atlanta",2020-07-26,22,192.03,198.4,186.57,38
"Atlanta",2020-08-02,23,199.19,192.03,198.4,41
"Atlanta",2020-08-09,24,176.79,199.19,192.03,23
"Atlanta",2020-08-16,25,147.75,176.79,199.19,22
"Atlanta",2020-08-23,26,120.97,147.75,176.79,19
"Atlanta",2020-08-30,27,90.62,120.97,147.75,26
"Atlanta",2020-09-06,28,75.66,90.62,120.97,19
"Atlanta",2020-09-13,29,80.47,75.66,90.62,16
"Atlanta",2020-09-20,30,73.6,80.47,75.66,15
"Atlanta",2020-09-27,31,65.09,73.6,80.47,25
"Atlanta",2020-10-04,32,256.07,65.09,73.6,28
"Atlanta",2020-10-11,33,110.1,256.07,65.09,24
"Atlanta",2020-10-18,34,96.67,110.1,256.07,28
"Atlanta",2020-10-25,35,122.82,96.67,110.1,32
"Atlanta",2020-11-01,36,151.21,122.82,96.67,26
"Atlanta",2020-11-08,37,169.87,151.21,122.82,45
"Atlanta",2020-11-15,38,232.32,169.87,151.21,64
"Atlanta",2020-11-22,39,190.08,232.32,169.87,63
"Atlanta",2020-11-29,40,287.08,190.08,232.32,58
"Atlanta",2020-12-06,41,355.87,287.08,190.08,57
"Baltimore",2020-03-01,1,0,NA,NA,NA
"Baltimore",2020-03-08,2,0.25,0,NA,NA
"Baltimore",2020-03-15,3,2.53,0.25,0,4
"Baltimore",2020-03-15,3,2.53,0.25,0,4
"Baltimore",2020-03-22,4,15.73,2.53,0.25,4
"Baltimore",2020-03-22,4,15.73,2.53,0.25,4
"Baltimore",2020-03-29,5,34.79,15.73,2.53,3
"Baltimore",2020-03-29,5,34.79,15.73,2.53,3
"Baltimore",2020-04-05,6,62.58,34.79,15.73,2
"Baltimore",2020-04-05,6,62.58,34.79,15.73,2
"Baltimore",2020-04-12,7,66.36,62.58,34.79,4
"Baltimore",2020-04-12,7,66.36,62.58,34.79,4
"Baltimore",2020-04-19,8,69.79,66.36,62.58,4
"Baltimore",2020-04-19,8,69.79,66.36,62.58,4
"Baltimore",2020-04-26,9,79.03,69.79,66.36,2
"Baltimore",2020-04-26,9,79.03,69.79,66.36,2
"Baltimore",2020-05-03,10,87.73,79.03,69.79,5
"Baltimore",2020-05-03,10,87.73,79.03,69.79,5
"Baltimore",2020-05-10,11,76.5,87.73,79.03,5
"Baltimore",2020-05-10,11,76.5,87.73,79.03,5
"Baltimore",2020-05-17,12,96.94,76.5,87.73,4
"Baltimore",2020-05-17,12,96.94,76.5,87.73,4
"Baltimore",2020-05-24,13,89.48,96.94,76.5,10
"Baltimore",2020-05-24,13,89.48,96.94,76.5,10
"Baltimore",2020-05-31,14,76.5,89.48,96.94,6
"Baltimore",2020-05-31,14,76.5,89.48,96.94,6
"Baltimore",2020-06-07,15,56.98,76.5,89.48,5
"Baltimore",2020-06-07,15,56.98,76.5,89.48,5
"Baltimore",2020-06-14,16,44.53,56.98,76.5,6
"Baltimore",2020-06-14,16,44.53,56.98,76.5,6
"Baltimore",2020-06-21,17,38.03,44.53,56.98,12
"Baltimore",2020-06-21,17,38.03,44.53,56.98,12
"Baltimore",2020-06-28,18,50.95,38.03,44.53,30
"Baltimore",2020-06-28,18,50.95,38.03,44.53,30
"Baltimore",2020-07-05,19,54.62,50.95,38.03,35
"Baltimore",2020-07-05,19,54.62,50.95,38.03,35
"Baltimore",2020-07-12,20,93.59,54.62,50.95,30
"Baltimore",2020-07-12,20,93.59,54.62,50.95,30
"Baltimore",2020-07-19,21,116.31,93.59,54.62,22
"Baltimore",2020-07-19,21,116.31,93.59,54.62,22
"Baltimore",2020-07-26,22,125.38,116.31,93.59,43
"Baltimore",2020-07-26,22,125.38,116.31,93.59,43
"Baltimore",2020-08-02,23,106.07,125.38,116.31,31
"Baltimore",2020-08-02,23,106.07,125.38,116.31,31
"Baltimore",2020-08-09,24,93.26,106.07,125.38,30
"Baltimore",2020-08-09,24,93.26,106.07,125.38,30
"Baltimore",2020-08-16,25,70.93,93.26,106.07,23
"Baltimore",2020-08-16,25,70.93,93.26,106.07,23
"Baltimore",2020-08-23,26,67.97,70.93,93.26,17
"Baltimore",2020-08-23,26,67.97,70.93,93.26,17
"Baltimore",2020-08-30,27,75.53,67.97,70.93,30
"Baltimore",2020-08-30,27,75.53,67.97,70.93,30
"Baltimore",2020-09-06,28,64.9,75.53,67.97,21
"Baltimore",2020-09-06,28,64.9,75.53,67.97,21
"Baltimore",2020-09-13,29,57.87,64.9,75.53,21
"Baltimore",2020-09-13,29,57.87,64.9,75.53,21
"Baltimore",2020-09-20,30,48.17,57.87,64.9,11
"Baltimore",2020-09-20,30,48.17,57.87,64.9,11
"Baltimore",2020-09-27,31,60.08,48.17,57.87,23
"Baltimore",2020-09-27,31,60.08,48.17,57.87,23
"Baltimore",2020-10-04,32,67.43,60.08,48.17,26
"Baltimore",2020-10-04,32,67.43,60.08,48.17,26
"Baltimore",2020-10-11,33,66.65,67.43,60.08,42
"Baltimore",2020-10-11,33,66.65,67.43,60.08,42
"Baltimore",2020-10-18,34,71.11,66.65,67.43,32
"Baltimore",2020-10-18,34,71.11,66.65,67.43,32
"Baltimore",2020-10-25,35,94.76,71.11,66.65,30
"Baltimore",2020-10-25,35,94.76,71.11,66.65,30
"Baltimore",2020-11-01,36,138.72,94.76,71.11,34
"Baltimore",2020-11-01,36,138.72,94.76,71.11,34
"Baltimore",2020-11-08,37,194.88,138.72,94.76,63
"Baltimore",2020-11-08,37,194.88,138.72,94.76,63
"Baltimore",2020-11-15,38,275.8,194.88,138.72,100
"Baltimore",2020-11-15,38,275.8,194.88,138.72,100
"Baltimore",2020-11-22,39,231.88,275.8,194.88,89
"Baltimore",2020-11-22,39,231.88,275.8,194.88,89
"Baltimore",2020-11-29,40,267.84,231.88,275.8,56
"Baltimore",2020-11-29,40,267.84,231.88,275.8,56
"Baltimore",2020-12-06,41,293.28,267.84,231.88,62
"Baltimore",2020-12-06,41,293.28,267.84,231.88,62
"Boston",2020-03-01,1,0.27,NA,NA,NA
"Boston",2020-03-08,2,2.38,0.27,NA,NA
"Boston",2020-03-15,3,6.4,2.38,0.27,3
"Boston",2020-03-22,4,52.86,6.4,2.38,1
"Boston",2020-03-29,5,115.6,52.86,6.4,1
"Boston",2020-04-05,6,176.89,115.6,52.86,4
"Boston",2020-04-12,7,216.33,176.89,115.6,1
"Boston",2020-04-19,8,269.75,216.33,176.89,2
"Boston",2020-04-26,9,197.66,269.75,216.33,4
"Boston",2020-05-03,10,151.71,197.66,269.75,7
"Boston",2020-05-10,11,108.45,151.71,197.66,8
"Boston",2020-05-17,12,88.24,108.45,151.71,6
"Boston",2020-05-24,13,60.02,88.24,108.45,6
"Boston",2020-05-31,14,102.81,60.02,88.24,5
"Boston",2020-06-07,15,31.85,102.81,60.02,7
"Boston",2020-06-14,16,22.7,31.85,102.81,5
"Boston",2020-06-21,17,21.18,22.7,31.85,10
"Boston",2020-06-28,18,18.69,21.18,22.7,18
"Boston",2020-07-05,19,22.94,18.69,21.18,21
"Boston",2020-07-12,20,25.36,22.94,18.69,21
"Boston",2020-07-19,21,27.35,25.36,22.94,17
"Boston",2020-07-26,22,40.3,27.35,25.36,21
"Boston",2020-08-02,23,41.58,40.3,27.35,30
"Boston",2020-08-09,24,16.21,41.58,40.3,24
"Boston",2020-08-16,25,41.8,16.21,41.58,21
"Boston",2020-08-23,26,38.83,41.8,16.21,16
"Boston",2020-08-30,27,26.92,38.83,41.8,20
"Boston",2020-09-06,28,36.12,26.92,38.83,24
"Boston",2020-09-13,29,39.05,36.12,26.92,18
"Boston",2020-09-20,30,42.75,39.05,36.12,27
"Boston",2020-09-27,31,61.65,42.75,39.05,27
"Boston",2020-10-04,32,58.53,61.65,42.75,38
"Boston",2020-10-11,33,68.62,58.53,61.65,31
"Boston",2020-10-18,34,91.05,68.62,58.53,39
"Boston",2020-10-25,35,117.38,91.05,68.62,46
"Boston",2020-11-01,36,145.23,117.38,91.05,45
"Boston",2020-11-08,37,205.81,145.23,117.38,66
"Boston",2020-11-15,38,228.13,205.81,145.23,100
"Boston",2020-11-22,39,239.42,228.13,205.81,78
"Boston",2020-11-29,40,402.97,239.42,228.13,83
"Boston",2020-12-06,41,465.24,402.97,239.42,71
"Charlotte",2020-03-01,1,0,NA,NA,NA
"Charlotte",2020-03-08,2,0.19,0,NA,NA
"Charlotte",2020-03-15,3,1.82,0.19,0,2
"Charlotte",2020-03-15,3,1.82,0.19,0,2
"Charlotte",2020-03-22,4,14.77,1.82,0.19,0
"Charlotte",2020-03-22,4,14.77,1.82,0.19,0
"Charlotte",2020-03-29,5,22.58,14.77,1.82,5
"Charlotte",2020-03-29,5,22.58,14.77,1.82,5
"Charlotte",2020-04-05,6,22.42,22.58,14.77,5
"Charlotte",2020-04-05,6,22.42,22.58,14.77,5
"Charlotte",2020-04-12,7,22.01,22.42,22.58,4
"Charlotte",2020-04-12,7,22.01,22.42,22.58,4
"Charlotte",2020-04-19,8,22.12,22.01,22.42,2
"Charlotte",2020-04-19,8,22.12,22.01,22.42,2
"Charlotte",2020-04-26,9,20.08,22.12,22.01,2
"Charlotte",2020-04-26,9,20.08,22.12,22.01,2
"Charlotte",2020-05-03,10,22.88,20.08,22.12,7
"Charlotte",2020-05-03,10,22.88,20.08,22.12,7
"Charlotte",2020-05-10,11,27.88,22.88,20.08,6
"Charlotte",2020-05-10,11,27.88,22.88,20.08,6
"Charlotte",2020-05-17,12,36.82,27.88,22.88,11
"Charlotte",2020-05-17,12,36.82,27.88,22.88,11
"Charlotte",2020-05-24,13,45.83,36.82,27.88,10
"Charlotte",2020-05-24,13,45.83,36.82,27.88,10
"Charlotte",2020-05-31,14,75.3,45.83,36.82,11
"Charlotte",2020-05-31,14,75.3,45.83,36.82,11
"Charlotte",2020-06-07,15,88.83,75.3,45.83,10
"Charlotte",2020-06-07,15,88.83,75.3,45.83,10
"Charlotte",2020-06-14,16,105.19,88.83,75.3,23
"Charlotte",2020-06-14,16,105.19,88.83,75.3,23
"Charlotte",2020-06-21,17,123.67,105.19,88.83,30
"Charlotte",2020-06-21,17,123.67,105.19,88.83,30
"Charlotte",2020-06-28,18,159.43,123.67,105.19,51
"Charlotte",2020-06-28,18,159.43,123.67,105.19,51
"Charlotte",2020-07-05,19,158.6,159.43,123.67,31
"Charlotte",2020-07-05,19,158.6,159.43,123.67,31
"Charlotte",2020-07-12,20,179.89,158.6,159.43,21
"Charlotte",2020-07-12,20,179.89,158.6,159.43,21
"Charlotte",2020-07-19,21,162.01,179.89,158.6,24
"Charlotte",2020-07-19,21,162.01,179.89,158.6,24
"Charlotte",2020-07-26,22,136.02,162.01,179.89,25
"Charlotte",2020-07-26,22,136.02,162.01,179.89,25
"Charlotte",2020-08-02,23,126.21,136.02,162.01,16
"Charlotte",2020-08-02,23,126.21,136.02,162.01,16
"Charlotte",2020-08-09,24,99.62,126.21,136.02,18
"Charlotte",2020-08-09,24,99.62,126.21,136.02,18
"Charlotte",2020-08-16,25,102.23,99.62,126.21,13
"Charlotte",2020-08-16,25,102.23,99.62,126.21,13
"Charlotte",2020-08-23,26,104.89,102.23,99.62,23
"Charlotte",2020-08-23,26,104.89,102.23,99.62,23
"Charlotte",2020-08-30,27,96.82,104.89,102.23,16
"Charlotte",2020-08-30,27,96.82,104.89,102.23,16
"Charlotte",2020-09-06,28,85.15,96.82,104.89,13
"Charlotte",2020-09-06,28,85.15,96.82,104.89,13
"Charlotte",2020-09-13,29,84.32,85.15,96.82,31
"Charlotte",2020-09-13,29,84.32,85.15,96.82,31
"Charlotte",2020-09-20,30,110.95,84.32,85.15,15
"Charlotte",2020-09-20,30,110.95,84.32,85.15,15
"Charlotte",2020-09-27,31,98.52,110.95,84.32,48
"Charlotte",2020-09-27,31,98.52,110.95,84.32,48
"Charlotte",2020-10-04,32,103.11,98.52,110.95,53
"Charlotte",2020-10-04,32,103.11,98.52,110.95,53
"Charlotte",2020-10-11,33,117.92,103.11,98.52,36
"Charlotte",2020-10-11,33,117.92,103.11,98.52,36
"Charlotte",2020-10-18,34,132.54,117.92,103.11,39
"Charlotte",2020-10-18,34,132.54,117.92,103.11,39
"Charlotte",2020-10-25,35,149.43,132.54,117.92,34
"Charlotte",2020-10-25,35,149.43,132.54,117.92,34
"Charlotte",2020-11-01,36,161.48,149.43,132.54,53
"Charlotte",2020-11-01,36,161.48,149.43,132.54,53
"Charlotte",2020-11-08,37,192.31,161.48,149.43,88
"Charlotte",2020-11-08,37,192.31,161.48,149.43,88
"Charlotte",2020-11-15,38,238.79,192.31,161.48,75
"Charlotte",2020-11-15,38,238.79,192.31,161.48,75
"Charlotte",2020-11-22,39,245.19,238.79,192.31,65
"Charlotte",2020-11-22,39,245.19,238.79,192.31,65
"Charlotte",2020-11-29,40,324.77,245.19,238.79,80
"Charlotte",2020-11-29,40,324.77,245.19,238.79,80
"Charlotte",2020-12-06,41,443.98,324.77,245.19,93
"Charlotte",2020-12-06,41,443.98,324.77,245.19,93
"Chicago",2020-03-01,1,0.06,NA,NA,NA
"Chicago",2020-03-08,2,0.57,0.06,NA,NA
"Chicago",2020-03-15,3,7.04,0.57,0.06,5
"Chicago",2020-03-22,4,29.29,7.04,0.57,4
"Chicago",2020-03-29,5,70.9,29.29,7.04,6
"Chicago",2020-04-05,6,89.27,70.9,29.29,7
"Chicago",2020-04-12,7,103.23,89.27,70.9,5
"Chicago",2020-04-19,8,125.81,103.23,89.27,9
"Chicago",2020-04-26,9,168.63,125.81,103.23,6
"Chicago",2020-05-03,10,175.48,168.63,125.81,10
"Chicago",2020-05-10,11,161.64,175.48,168.63,13
"Chicago",2020-05-17,12,153.13,161.64,175.48,13
"Chicago",2020-05-24,13,111.39,153.13,161.64,9
"Chicago",2020-05-31,14,76.98,111.39,153.13,9
"Chicago",2020-06-07,15,46.64,76.98,111.39,7
"Chicago",2020-06-14,16,40.24,46.64,76.98,8
"Chicago",2020-06-21,17,45.12,40.24,46.64,18
"Chicago",2020-06-28,18,51.05,45.12,40.24,26
"Chicago",2020-07-05,19,56.67,51.05,45.12,33
"Chicago",2020-07-12,20,61.31,56.67,51.05,33
"Chicago",2020-07-19,21,74.58,61.31,56.67,22
"Chicago",2020-07-26,22,79.66,74.58,61.31,31
"Chicago",2020-08-02,23,92.32,79.66,74.58,34
"Chicago",2020-08-09,24,86.15,92.32,79.66,22
"Chicago",2020-08-16,25,97.22,86.15,92.32,26
"Chicago",2020-08-23,26,87.24,97.22,86.15,21
"Chicago",2020-08-30,27,105.24,87.24,97.22,24
"Chicago",2020-09-06,28,73.08,105.24,87.24,21
"Chicago",2020-09-13,29,81.16,73.08,105.24,22
"Chicago",2020-09-20,30,85.59,81.16,73.08,26
"Chicago",2020-09-27,31,90.74,85.59,81.16,26
"Chicago",2020-10-04,32,113.61,90.74,85.59,42
"Chicago",2020-10-11,33,168.56,113.61,90.74,49
"Chicago",2020-10-18,34,227.8,168.56,113.61,57
"Chicago",2020-10-25,35,256.23,227.8,168.56,73
"Chicago",2020-11-01,36,564.9,256.23,227.8,79
"Chicago",2020-11-08,37,633.83,564.9,256.23,100
"Chicago",2020-11-15,38,623.92,633.83,564.9,93
"Chicago",2020-11-22,39,492.49,623.92,633.83,64
"Chicago",2020-11-29,40,501.09,492.49,623.92,45
"Chicago",2020-12-06,41,460.34,501.09,492.49,42
"Cleveland",2020-03-01,1,0,NA,NA,NA
"Cleveland",2020-03-08,2,0.59,0,NA,NA
"Cleveland",2020-03-15,3,5.27,0.59,0,4
"Cleveland",2020-03-15,3,5.27,0.59,0,4
"Cleveland",2020-03-22,4,19.33,5.27,0.59,0
"Cleveland",2020-03-22,4,19.33,5.27,0.59,0
"Cleveland",2020-03-29,5,27.24,19.33,5.27,2
"Cleveland",2020-03-29,5,27.24,19.33,5.27,2
"Cleveland",2020-04-05,6,23.04,27.24,19.33,2
"Cleveland",2020-04-05,6,23.04,27.24,19.33,2
"Cleveland",2020-04-12,7,27.29,23.04,27.24,1
"Cleveland",2020-04-12,7,27.29,23.04,27.24,1
"Cleveland",2020-04-19,8,28.02,27.29,23.04,4
"Cleveland",2020-04-19,8,28.02,27.29,23.04,4
"Cleveland",2020-04-26,9,29.63,28.02,27.29,2
"Cleveland",2020-04-26,9,29.63,28.02,27.29,2
"Cleveland",2020-05-03,10,28.7,29.63,28.02,3
"Cleveland",2020-05-03,10,28.7,29.63,28.02,3
"Cleveland",2020-05-10,11,28.75,28.7,29.63,3
"Cleveland",2020-05-10,11,28.75,28.7,29.63,3
"Cleveland",2020-05-17,12,39.64,28.75,28.7,4
"Cleveland",2020-05-17,12,39.64,28.75,28.7,4
"Cleveland",2020-05-24,13,34.03,39.64,28.75,2
"Cleveland",2020-05-24,13,34.03,39.64,28.75,2
"Cleveland",2020-05-31,14,29.63,34.03,39.64,4
"Cleveland",2020-05-31,14,29.63,34.03,39.64,4
"Cleveland",2020-06-07,15,20.7,29.63,34.03,5
"Cleveland",2020-06-07,15,20.7,29.63,34.03,5
"Cleveland",2020-06-14,16,24.85,20.7,29.63,3
"Cleveland",2020-06-14,16,24.85,20.7,29.63,3
"Cleveland",2020-06-21,17,52.38,24.85,20.7,17
"Cleveland",2020-06-21,17,52.38,24.85,20.7,17
"Cleveland",2020-06-28,18,67.51,52.38,24.85,34
"Cleveland",2020-06-28,18,67.51,52.38,24.85,34
"Cleveland",2020-07-05,19,84.31,67.51,52.38,30
"Cleveland",2020-07-05,19,84.31,67.51,52.38,30
"Cleveland",2020-07-12,20,94.61,84.31,67.51,30
"Cleveland",2020-07-12,20,94.61,84.31,67.51,30
"Cleveland",2020-07-19,21,76.06,94.61,84.31,16
"Cleveland",2020-07-19,21,76.06,94.61,84.31,16
"Cleveland",2020-07-26,22,62.97,76.06,94.61,25
"Cleveland",2020-07-26,22,62.97,76.06,94.61,25
"Cleveland",2020-08-02,23,60.92,62.97,76.06,21
"Cleveland",2020-08-02,23,60.92,62.97,76.06,21
"Cleveland",2020-08-09,24,57.75,60.92,62.97,22
"Cleveland",2020-08-09,24,57.75,60.92,62.97,22
"Cleveland",2020-08-16,25,41.45,57.75,60.92,12
"Cleveland",2020-08-16,25,41.45,57.75,60.92,12
"Cleveland",2020-08-23,26,46.82,41.45,57.75,11
"Cleveland",2020-08-23,26,46.82,41.45,57.75,11
"Cleveland",2020-08-30,27,48.13,46.82,41.45,8
"Cleveland",2020-08-30,27,48.13,46.82,41.45,8
"Cleveland",2020-09-06,28,31.93,48.13,46.82,9
"Cleveland",2020-09-06,28,31.93,48.13,46.82,9
"Cleveland",2020-09-13,29,30.61,31.93,48.13,17
"Cleveland",2020-09-13,29,30.61,31.93,48.13,17
"Cleveland",2020-09-20,30,28.12,30.61,31.93,16
"Cleveland",2020-09-20,30,28.12,30.61,31.93,16
"Cleveland",2020-09-27,31,31.49,28.12,30.61,21
"Cleveland",2020-09-27,31,31.49,28.12,30.61,21
"Cleveland",2020-10-04,32,36.52,31.49,28.12,18
"Cleveland",2020-10-04,32,36.52,31.49,28.12,18
"Cleveland",2020-10-11,33,54.77,36.52,31.49,21
"Cleveland",2020-10-11,33,54.77,36.52,31.49,21
"Cleveland",2020-10-18,34,77.91,54.77,36.52,23
"Cleveland",2020-10-18,34,77.91,54.77,36.52,23
"Cleveland",2020-10-25,35,117.31,77.91,54.77,43
"Cleveland",2020-10-25,35,117.31,77.91,54.77,43
"Cleveland",2020-11-01,36,207.72,117.31,77.91,34
"Cleveland",2020-11-01,36,207.72,117.31,77.91,34
"Cleveland",2020-11-08,37,373.11,207.72,117.31,97
"Cleveland",2020-11-08,37,373.11,207.72,117.31,97
"Cleveland",2020-11-15,38,406.16,373.11,207.72,100
"Cleveland",2020-11-15,38,406.16,373.11,207.72,100
"Cleveland",2020-11-22,39,571.75,406.16,373.11,97
"Cleveland",2020-11-22,39,571.75,406.16,373.11,97
"Cleveland",2020-11-29,40,455.27,571.75,406.16,67
"Cleveland",2020-11-29,40,455.27,571.75,406.16,67
"Cleveland",2020-12-06,41,745.93,455.27,571.75,65
"Cleveland",2020-12-06,41,745.93,455.27,571.75,65
"Dallas",2020-03-01,1,0,NA,NA,NA
"Dallas",2020-03-08,2,0.29,0,NA,NA
"Dallas",2020-03-15,3,2.39,0.29,0,7
"Dallas",2020-03-15,3,2.39,0.29,0,7
"Dallas",2020-03-22,4,8.73,2.39,0.29,6
"Dallas",2020-03-22,4,8.73,2.39,0.29,6
"Dallas",2020-03-29,5,15.7,8.73,2.39,6
"Dallas",2020-03-29,5,15.7,8.73,2.39,6
"Dallas",2020-04-05,6,18.45,15.7,8.73,4
"Dallas",2020-04-05,6,18.45,15.7,8.73,4
"Dallas",2020-04-12,7,19.91,18.45,15.7,4
"Dallas",2020-04-12,7,19.91,18.45,15.7,4
"Dallas",2020-04-19,8,20.61,19.91,18.45,5
"Dallas",2020-04-19,8,20.61,19.91,18.45,5
"Dallas",2020-04-26,9,26.95,20.61,19.91,5
"Dallas",2020-04-26,9,26.95,20.61,19.91,5
"Dallas",2020-05-03,10,36.98,26.95,20.61,5
"Dallas",2020-05-03,10,36.98,26.95,20.61,5
"Dallas",2020-05-10,11,42.15,36.98,26.95,14
"Dallas",2020-05-10,11,42.15,36.98,26.95,14
"Dallas",2020-05-17,12,32.15,42.15,36.98,8
"Dallas",2020-05-17,12,32.15,42.15,36.98,8
"Dallas",2020-05-24,13,30.73,32.15,42.15,8
"Dallas",2020-05-24,13,30.73,32.15,42.15,8
"Dallas",2020-05-31,14,38.42,30.73,32.15,8
"Dallas",2020-05-31,14,38.42,30.73,32.15,8
"Dallas",2020-06-07,15,53.24,38.42,30.73,18
"Dallas",2020-06-07,15,53.24,38.42,30.73,18
"Dallas",2020-06-14,16,65.49,53.24,38.42,28
"Dallas",2020-06-14,16,65.49,53.24,38.42,28
"Dallas",2020-06-21,17,100.09,65.49,53.24,65
"Dallas",2020-06-21,17,100.09,65.49,53.24,65
"Dallas",2020-06-28,18,133,100.09,65.49,75
"Dallas",2020-06-28,18,133,100.09,65.49,75
"Dallas",2020-07-05,19,202.45,133,100.09,79
"Dallas",2020-07-05,19,202.45,133,100.09,79
"Dallas",2020-07-12,20,188.38,202.45,133,43
"Dallas",2020-07-12,20,188.38,202.45,133,43
"Dallas",2020-07-19,21,165.65,188.38,202.45,30
"Dallas",2020-07-19,21,165.65,188.38,202.45,30
"Dallas",2020-07-26,22,147.51,165.65,188.38,21
"Dallas",2020-07-26,22,147.51,165.65,188.38,21
"Dallas",2020-08-02,23,174.39,147.51,165.65,28
"Dallas",2020-08-02,23,174.39,147.51,165.65,28
"Dallas",2020-08-09,24,175.61,174.39,147.51,17
"Dallas",2020-08-09,24,175.61,174.39,147.51,17
"Dallas",2020-08-16,25,206.33,175.61,174.39,15
"Dallas",2020-08-16,25,206.33,175.61,174.39,15
"Dallas",2020-08-23,26,82.04,206.33,175.61,13
"Dallas",2020-08-23,26,82.04,206.33,175.61,13
"Dallas",2020-08-30,27,79.44,82.04,206.33,13
"Dallas",2020-08-30,27,79.44,82.04,206.33,13
"Dallas",2020-09-06,28,63.17,79.44,82.04,19
"Dallas",2020-09-06,28,63.17,79.44,82.04,19
"Dallas",2020-09-13,29,90.41,63.17,79.44,25
"Dallas",2020-09-13,29,90.41,63.17,79.44,25
"Dallas",2020-09-20,30,93.5,90.41,63.17,18
"Dallas",2020-09-20,30,93.5,90.41,63.17,18
"Dallas",2020-09-27,31,126.79,93.5,90.41,25
"Dallas",2020-09-27,31,126.79,93.5,90.41,25
"Dallas",2020-10-04,32,116.42,126.79,93.5,28
"Dallas",2020-10-04,32,116.42,126.79,93.5,28
"Dallas",2020-10-11,33,135.41,116.42,126.79,31
"Dallas",2020-10-11,33,135.41,116.42,126.79,31
"Dallas",2020-10-18,34,142.75,135.41,116.42,43
"Dallas",2020-10-18,34,142.75,135.41,116.42,43
"Dallas",2020-10-25,35,157.16,142.75,135.41,31
"Dallas",2020-10-25,35,157.16,142.75,135.41,31
"Dallas",2020-11-01,36,200.42,157.16,142.75,43
"Dallas",2020-11-01,36,200.42,157.16,142.75,43
"Dallas",2020-11-08,37,281.9,200.42,157.16,64
"Dallas",2020-11-08,37,281.9,200.42,157.16,64
"Dallas",2020-11-15,38,346.43,281.9,200.42,69
"Dallas",2020-11-15,38,346.43,281.9,200.42,69
"Dallas",2020-11-22,39,262.69,346.43,281.9,75
"Dallas",2020-11-22,39,262.69,346.43,281.9,75
"Dallas",2020-11-29,40,458.26,262.69,346.43,54
"Dallas",2020-11-29,40,458.26,262.69,346.43,54
"Dallas",2020-12-06,41,523.21,458.26,262.69,64
"Dallas",2020-12-06,41,523.21,458.26,262.69,64
"Denver",2020-03-01,1,0.2,NA,NA,NA
"Denver",2020-03-08,2,1.58,0.2,NA,NA
"Denver",2020-03-15,3,5.97,1.58,0.2,5
"Denver",2020-03-15,3,5.97,1.58,0.2,5
"Denver",2020-03-22,4,24.7,5.97,1.58,3
"Denver",2020-03-22,4,24.7,5.97,1.58,3
"Denver",2020-03-29,5,48.33,24.7,5.97,5
"Denver",2020-03-29,5,48.33,24.7,5.97,5
"Denver",2020-04-05,6,50.11,48.33,24.7,2
"Denver",2020-04-05,6,50.11,48.33,24.7,2
"Denver",2020-04-12,7,56.05,50.11,48.33,0.5
"Denver",2020-04-12,7,56.05,50.11,48.33,0.5
"Denver",2020-04-19,8,73.1,56.05,50.11,3
"Denver",2020-04-19,8,73.1,56.05,50.11,3
"Denver",2020-04-26,9,66.9,73.1,56.05,2
"Denver",2020-04-26,9,66.9,73.1,56.05,2
"Denver",2020-05-03,10,74.72,66.9,73.1,5
"Denver",2020-05-03,10,74.72,66.9,73.1,5
"Denver",2020-05-10,11,53.35,74.72,66.9,6
"Denver",2020-05-10,11,53.35,74.72,66.9,6
"Denver",2020-05-17,12,52.17,53.35,74.72,5
"Denver",2020-05-17,12,52.17,53.35,74.72,5
"Denver",2020-05-24,13,49.17,52.17,53.35,4
"Denver",2020-05-24,13,49.17,52.17,53.35,4
"Denver",2020-05-31,14,41.25,49.17,52.17,6
"Denver",2020-05-31,14,41.25,49.17,52.17,6
"Denver",2020-06-07,15,23.66,41.25,49.17,4
"Denver",2020-06-07,15,23.66,41.25,49.17,4
"Denver",2020-06-14,16,23.76,23.66,41.25,3
"Denver",2020-06-14,16,23.76,23.66,41.25,3
"Denver",2020-06-21,17,33.09,23.76,23.66,10
"Denver",2020-06-21,17,33.09,23.76,23.66,10
"Denver",2020-06-28,18,35.55,33.09,23.76,15
"Denver",2020-06-28,18,35.55,33.09,23.76,15
"Denver",2020-07-05,19,54.19,35.55,33.09,20
"Denver",2020-07-05,19,54.19,35.55,33.09,20
"Denver",2020-07-12,20,55.27,54.19,35.55,19
"Denver",2020-07-12,20,55.27,54.19,35.55,19
"Denver",2020-07-19,21,78.52,55.27,54.19,9
"Denver",2020-07-19,21,78.52,55.27,54.19,9
"Denver",2020-07-26,22,67.5,78.52,55.27,14
"Denver",2020-07-26,22,67.5,78.52,55.27,14
"Denver",2020-08-02,23,56.55,67.5,78.52,13
"Denver",2020-08-02,23,56.55,67.5,78.52,13
"Denver",2020-08-09,24,42.94,56.55,67.5,7
"Denver",2020-08-09,24,42.94,56.55,67.5,7
"Denver",2020-08-16,25,41.59,42.94,56.55,6
"Denver",2020-08-16,25,41.59,42.94,56.55,6
"Denver",2020-08-23,26,50.82,41.59,42.94,5
"Denver",2020-08-23,26,50.82,41.59,42.94,5
"Denver",2020-08-30,27,40.24,50.82,41.59,8
"Denver",2020-08-30,27,40.24,50.82,41.59,8
"Denver",2020-09-06,28,33.26,40.24,50.82,12
"Denver",2020-09-06,28,33.26,40.24,50.82,12
"Denver",2020-09-13,29,57.63,33.26,40.24,12
"Denver",2020-09-13,29,57.63,33.26,40.24,12
"Denver",2020-09-20,30,76.33,57.63,33.26,21
"Denver",2020-09-20,30,76.33,57.63,33.26,21
"Denver",2020-09-27,31,85.43,76.33,57.63,18
"Denver",2020-09-27,31,85.43,76.33,57.63,18
"Denver",2020-10-04,32,105.82,85.43,76.33,28
"Denver",2020-10-04,32,105.82,85.43,76.33,28
"Denver",2020-10-11,33,133.05,105.82,85.43,35
"Denver",2020-10-11,33,133.05,105.82,85.43,35
"Denver",2020-10-18,34,170.97,133.05,105.82,42
"Denver",2020-10-18,34,170.97,133.05,105.82,42
"Denver",2020-10-25,35,283.29,170.97,133.05,63
"Denver",2020-10-25,35,283.29,170.97,133.05,63
"Denver",2020-11-01,36,391.51,283.29,170.97,67
"Denver",2020-11-01,36,391.51,283.29,170.97,67
"Denver",2020-11-08,37,570.29,391.51,283.29,100
"Denver",2020-11-08,37,570.29,391.51,283.29,100
"Denver",2020-11-15,38,600.79,570.29,391.51,96
"Denver",2020-11-15,38,600.79,570.29,391.51,96
"Denver",2020-11-22,39,516.17,600.79,570.29,70
"Denver",2020-11-22,39,516.17,600.79,570.29,70
"Denver",2020-11-29,40,485.03,516.17,600.79,45
"Denver",2020-11-29,40,485.03,516.17,600.79,45
"Denver",2020-12-06,41,479.33,485.03,516.17,40
"Denver",2020-12-06,41,479.33,485.03,516.17,40
"Detroit",2020-03-01,1,0,NA,NA,NA
"Detroit",2020-03-08,2,0.47,0,NA,NA
"Detroit",2020-03-15,3,15.63,0.47,0,2
"Detroit",2020-03-15,3,15.63,0.47,0,2
"Detroit",2020-03-22,4,75.28,15.63,0.47,2
"Detroit",2020-03-22,4,75.28,15.63,0.47,2
"Detroit",2020-03-29,5,179,75.28,15.63,4
"Detroit",2020-03-29,5,179,75.28,15.63,4
"Detroit",2020-04-05,6,180.98,179,75.28,3
"Detroit",2020-04-05,6,180.98,179,75.28,3
"Detroit",2020-04-12,7,118.56,180.98,179,6
"Detroit",2020-04-12,7,118.56,180.98,179,6
"Detroit",2020-04-19,8,92.19,118.56,180.98,5
"Detroit",2020-04-19,8,92.19,118.56,180.98,5
"Detroit",2020-04-26,9,65.16,92.19,118.56,7
"Detroit",2020-04-26,9,65.16,92.19,118.56,7
"Detroit",2020-05-03,10,35.14,65.16,92.19,9
"Detroit",2020-05-03,10,35.14,65.16,92.19,9
"Detroit",2020-05-10,11,40.63,35.14,65.16,9
"Detroit",2020-05-10,11,40.63,35.14,65.16,9
"Detroit",2020-05-17,12,29.98,40.63,35.14,10
"Detroit",2020-05-17,12,29.98,40.63,35.14,10
"Detroit",2020-05-24,13,20.07,29.98,40.63,5
"Detroit",2020-05-24,13,20.07,29.98,40.63,5
"Detroit",2020-05-31,14,99.16,20.07,29.98,5
"Detroit",2020-05-31,14,99.16,20.07,29.98,5
"Detroit",2020-06-07,15,22.95,99.16,20.07,8
"Detroit",2020-06-07,15,22.95,99.16,20.07,8
"Detroit",2020-06-14,16,20.7,22.95,99.16,22
"Detroit",2020-06-14,16,20.7,22.95,99.16,22
"Detroit",2020-06-21,17,21.91,20.7,22.95,31
"Detroit",2020-06-21,17,21.91,20.7,22.95,31
"Detroit",2020-06-28,18,27.95,21.91,20.7,34
"Detroit",2020-06-28,18,27.95,21.91,20.7,34
"Detroit",2020-07-05,19,35.67,27.95,21.91,32
"Detroit",2020-07-05,19,35.67,27.95,21.91,32
"Detroit",2020-07-12,20,56.26,35.67,27.95,34
"Detroit",2020-07-12,20,56.26,35.67,27.95,34
"Detroit",2020-07-19,21,45.51,56.26,35.67,31
"Detroit",2020-07-19,21,45.51,56.26,35.67,31
"Detroit",2020-07-26,22,74.07,45.51,56.26,37
"Detroit",2020-07-26,22,74.07,45.51,56.26,37
"Detroit",2020-08-02,23,58.77,74.07,45.51,36
"Detroit",2020-08-02,23,58.77,74.07,45.51,36
"Detroit",2020-08-09,24,68.16,58.77,74.07,25
"Detroit",2020-08-09,24,68.16,58.77,74.07,25
"Detroit",2020-08-16,25,54.12,68.16,58.77,16
"Detroit",2020-08-16,25,54.12,68.16,58.77,16
"Detroit",2020-08-23,26,69.47,54.12,68.16,18
"Detroit",2020-08-23,26,69.47,54.12,68.16,18
"Detroit",2020-08-30,27,49.86,69.47,54.12,25
"Detroit",2020-08-30,27,49.86,69.47,54.12,25
"Detroit",2020-09-06,28,62.91,49.86,69.47,12
"Detroit",2020-09-06,28,62.91,49.86,69.47,12
"Detroit",2020-09-13,29,41.12,62.91,49.86,21
"Detroit",2020-09-13,29,41.12,62.91,49.86,21
"Detroit",2020-09-20,30,51.91,41.12,62.91,27
"Detroit",2020-09-20,30,51.91,41.12,62.91,27
"Detroit",2020-09-27,31,51.02,51.91,41.12,33
"Detroit",2020-09-27,31,51.02,51.91,41.12,33
"Detroit",2020-10-04,32,66,51.02,51.91,36
"Detroit",2020-10-04,32,66,51.02,51.91,36
"Detroit",2020-10-11,33,73.26,66,51.02,42
"Detroit",2020-10-11,33,73.26,66,51.02,42
"Detroit",2020-10-18,34,118.12,73.26,66,61
"Detroit",2020-10-18,34,118.12,73.26,66,61
"Detroit",2020-10-25,35,167.47,118.12,73.26,77
"Detroit",2020-10-25,35,167.47,118.12,73.26,77
"Detroit",2020-11-01,36,249.65,167.47,118.12,100
"Detroit",2020-11-01,36,249.65,167.47,118.12,100
"Detroit",2020-11-08,37,372.16,249.65,167.47,96
"Detroit",2020-11-08,37,372.16,249.65,167.47,96
"Detroit",2020-11-15,38,445.4,372.16,249.65,72
"Detroit",2020-11-15,38,445.4,372.16,249.65,72
"Detroit",2020-11-22,39,437.77,445.4,372.16,42
"Detroit",2020-11-22,39,437.77,445.4,372.16,42
"Detroit",2020-11-29,40,427.47,437.77,445.4,42
"Detroit",2020-11-29,40,427.47,437.77,445.4,42
"Detroit",2020-12-06,41,341.86,427.47,437.77,35
"Detroit",2020-12-06,41,341.86,427.47,437.77,35
"Houston",2020-03-01,1,0.11,NA,NA,NA
"Houston",2020-03-08,2,0.23,0.11,NA,NA
"Houston",2020-03-15,3,1.4,0.23,0.11,7
"Houston",2020-03-15,3,1.4,0.23,0.11,7
"Houston",2020-03-22,4,8.32,1.4,0.23,5
"Houston",2020-03-22,4,8.32,1.4,0.23,5
"Houston",2020-03-29,5,19.19,8.32,1.4,4
"Houston",2020-03-29,5,19.19,8.32,1.4,4
"Houston",2020-04-05,6,41.11,19.19,8.32,5
"Houston",2020-04-05,6,41.11,19.19,8.32,5
"Houston",2020-04-12,7,23.56,41.11,19.19,6
"Houston",2020-04-12,7,23.56,41.11,19.19,6
"Houston",2020-04-19,8,21.36,23.56,41.11,2
"Houston",2020-04-19,8,21.36,23.56,41.11,2
"Houston",2020-04-26,9,23.12,21.36,23.56,8
"Houston",2020-04-26,9,23.12,21.36,23.56,8
"Houston",2020-05-03,10,22.52,23.12,21.36,9
"Houston",2020-05-03,10,22.52,23.12,21.36,9
"Houston",2020-05-10,11,24.41,22.52,23.12,7
"Houston",2020-05-10,11,24.41,22.52,23.12,7
"Houston",2020-05-17,12,28.73,24.41,22.52,8
"Houston",2020-05-17,12,28.73,24.41,22.52,8
"Houston",2020-05-24,13,26.39,28.73,24.41,10
"Houston",2020-05-24,13,26.39,28.73,24.41,10
"Houston",2020-05-31,14,40.32,26.39,28.73,13
"Houston",2020-05-31,14,40.32,26.39,28.73,13
"Houston",2020-06-07,15,43.35,40.32,26.39,18
"Houston",2020-06-07,15,43.35,40.32,26.39,18
"Houston",2020-06-14,16,90.74,43.35,40.32,41
"Houston",2020-06-14,16,90.74,43.35,40.32,41
"Houston",2020-06-21,17,157.5,90.74,43.35,100
"Houston",2020-06-21,17,157.5,90.74,43.35,100
"Houston",2020-06-28,18,135.38,157.5,90.74,97
"Houston",2020-06-28,18,135.38,157.5,90.74,97
"Houston",2020-07-05,19,175.29,135.38,157.5,87
"Houston",2020-07-05,19,175.29,135.38,157.5,87
"Houston",2020-07-12,20,234.16,175.29,135.38,39
"Houston",2020-07-12,20,234.16,175.29,135.38,39
"Houston",2020-07-19,21,179.97,234.16,175.29,26
"Houston",2020-07-19,21,179.97,234.16,175.29,26
"Houston",2020-07-26,22,202.64,179.97,234.16,19
"Houston",2020-07-26,22,202.64,179.97,234.16,19
"Houston",2020-08-02,23,197,202.64,179.97,20
"Houston",2020-08-02,23,197,202.64,179.97,20
"Houston",2020-08-09,24,168.85,197,202.64,16
"Houston",2020-08-09,24,168.85,197,202.64,16
"Houston",2020-08-16,25,143.87,168.85,197,13
"Houston",2020-08-16,25,143.87,168.85,197,13
"Houston",2020-08-23,26,140.29,143.87,168.85,9
"Houston",2020-08-23,26,140.29,143.87,168.85,9
"Houston",2020-08-30,27,110.31,140.29,143.87,13
"Houston",2020-08-30,27,110.31,140.29,143.87,13
"Houston",2020-09-06,28,97.51,110.31,140.29,14
"Houston",2020-09-06,28,97.51,110.31,140.29,14
"Houston",2020-09-13,29,144.82,97.51,110.31,11
"Houston",2020-09-13,29,144.82,97.51,110.31,11
"Houston",2020-09-20,30,266.93,144.82,97.51,14
"Houston",2020-09-20,30,266.93,144.82,97.51,14
"Houston",2020-09-27,31,113.15,266.93,144.82,19
"Houston",2020-09-27,31,113.15,266.93,144.82,19
"Houston",2020-10-04,32,72.29,113.15,266.93,26
"Houston",2020-10-04,32,72.29,113.15,266.93,26
"Houston",2020-10-11,33,68.42,72.29,113.15,17
"Houston",2020-10-11,33,68.42,72.29,113.15,17
"Houston",2020-10-18,34,87.52,68.42,72.29,26
"Houston",2020-10-18,34,87.52,68.42,72.29,26
"Houston",2020-10-25,35,80.75,87.52,68.42,27
"Houston",2020-10-25,35,80.75,87.52,68.42,27
"Houston",2020-11-01,36,80.43,80.75,87.52,25
"Houston",2020-11-01,36,80.43,80.75,87.52,25
"Houston",2020-11-08,37,133.47,80.43,80.75,41
"Houston",2020-11-08,37,133.47,80.43,80.75,41
"Houston",2020-11-15,38,155.63,133.47,80.43,47
"Houston",2020-11-15,38,155.63,133.47,80.43,47
"Houston",2020-11-22,39,149.32,155.63,133.47,47
"Houston",2020-11-22,39,149.32,155.63,133.47,47
"Houston",2020-11-29,40,249.6,149.32,155.63,37
"Houston",2020-11-29,40,249.6,149.32,155.63,37
"Houston",2020-12-06,41,265.52,249.6,149.32,46
"Houston",2020-12-06,41,265.52,249.6,149.32,46
"Indianapolis",2020-03-01,1,0.05,NA,NA,NA
"Indianapolis",2020-03-08,2,0.39,0.05,NA,NA
"Indianapolis",2020-03-15,3,3.18,0.39,0.05,2
"Indianapolis",2020-03-15,3,3.18,0.39,0.05,2
"Indianapolis",2020-03-22,4,35.43,3.18,0.39,4
"Indianapolis",2020-03-22,4,35.43,3.18,0.39,4
"Indianapolis",2020-03-29,5,78.91,35.43,3.18,6
"Indianapolis",2020-03-29,5,78.91,35.43,3.18,6
"Indianapolis",2020-04-05,6,97.27,78.91,35.43,2
"Indianapolis",2020-04-05,6,97.27,78.91,35.43,2
"Indianapolis",2020-04-12,7,71.58,97.27,78.91,2
"Indianapolis",2020-04-12,7,71.58,97.27,78.91,2
"Indianapolis",2020-04-19,8,88.45,71.58,97.27,5
"Indianapolis",2020-04-19,8,88.45,71.58,97.27,5
"Indianapolis",2020-04-26,9,90.77,88.45,71.58,5
"Indianapolis",2020-04-26,9,90.77,88.45,71.58,5
"Indianapolis",2020-05-03,10,95.73,90.77,88.45,7
"Indianapolis",2020-05-03,10,95.73,90.77,88.45,7
"Indianapolis",2020-05-10,11,74.09,95.73,90.77,8
"Indianapolis",2020-05-10,11,74.09,95.73,90.77,8
"Indianapolis",2020-05-17,12,65.36,74.09,95.73,7
"Indianapolis",2020-05-17,12,65.36,74.09,95.73,7
"Indianapolis",2020-05-24,13,51.19,65.36,74.09,5
"Indianapolis",2020-05-24,13,51.19,65.36,74.09,5
"Indianapolis",2020-05-31,14,36.92,51.19,65.36,9
"Indianapolis",2020-05-31,14,36.92,51.19,65.36,9
"Indianapolis",2020-06-07,15,28.44,36.92,51.19,7
"Indianapolis",2020-06-07,15,28.44,36.92,51.19,7
"Indianapolis",2020-06-14,16,26.8,28.44,36.92,4
"Indianapolis",2020-06-14,16,26.8,28.44,36.92,4
"Indianapolis",2020-06-21,17,24.34,26.8,28.44,12
"Indianapolis",2020-06-21,17,24.34,26.8,28.44,12
"Indianapolis",2020-06-28,18,33.26,24.34,26.8,21
"Indianapolis",2020-06-28,18,33.26,24.34,26.8,21
"Indianapolis",2020-07-05,19,45.07,33.26,24.34,34
"Indianapolis",2020-07-05,19,45.07,33.26,24.34,34
"Indianapolis",2020-07-12,20,55.48,45.07,33.26,29
"Indianapolis",2020-07-12,20,55.48,45.07,33.26,29
"Indianapolis",2020-07-19,21,81.46,55.48,45.07,29
"Indianapolis",2020-07-19,21,81.46,55.48,45.07,29
"Indianapolis",2020-07-26,22,86.04,81.46,55.48,27
"Indianapolis",2020-07-26,22,86.04,81.46,55.48,27
"Indianapolis",2020-08-02,23,98.05,86.04,81.46,26
"Indianapolis",2020-08-02,23,98.05,86.04,81.46,26
"Indianapolis",2020-08-09,24,90.14,98.05,86.04,33
"Indianapolis",2020-08-09,24,90.14,98.05,86.04,33
"Indianapolis",2020-08-16,25,79.87,90.14,98.05,19
"Indianapolis",2020-08-16,25,79.87,90.14,98.05,19
"Indianapolis",2020-08-23,26,91.68,79.87,90.14,14
"Indianapolis",2020-08-23,26,91.68,79.87,90.14,14
"Indianapolis",2020-08-30,27,82.52,91.68,79.87,24
"Indianapolis",2020-08-30,27,82.52,91.68,79.87,24
"Indianapolis",2020-09-06,28,59.68,82.52,91.68,18
"Indianapolis",2020-09-06,28,59.68,82.52,91.68,18
"Indianapolis",2020-09-13,29,82.38,59.68,82.52,16
"Indianapolis",2020-09-13,29,82.38,59.68,82.52,16
"Indianapolis",2020-09-20,30,67.15,82.38,59.68,24
"Indianapolis",2020-09-20,30,67.15,82.38,59.68,24
"Indianapolis",2020-09-27,31,77.17,67.15,82.38,20
"Indianapolis",2020-09-27,31,77.17,67.15,82.38,20
"Indianapolis",2020-10-04,32,95.35,77.17,67.15,37
"Indianapolis",2020-10-04,32,95.35,77.17,67.15,37
"Indianapolis",2020-10-11,33,125.96,95.35,77.17,35
"Indianapolis",2020-10-11,33,125.96,95.35,77.17,35
"Indianapolis",2020-10-18,34,150.06,125.96,95.35,31
"Indianapolis",2020-10-18,34,150.06,125.96,95.35,31
"Indianapolis",2020-10-25,35,195.42,150.06,125.96,39
"Indianapolis",2020-10-25,35,195.42,150.06,125.96,39
"Indianapolis",2020-11-01,36,288.69,195.42,150.06,52
"Indianapolis",2020-11-01,36,288.69,195.42,150.06,52
"Indianapolis",2020-11-08,37,466.42,288.69,195.42,99
"Indianapolis",2020-11-08,37,466.42,288.69,195.42,99
"Indianapolis",2020-11-15,38,549.09,466.42,288.69,100
"Indianapolis",2020-11-15,38,549.09,466.42,288.69,100
"Indianapolis",2020-11-22,39,553.09,549.09,466.42,72
"Indianapolis",2020-11-22,39,553.09,549.09,466.42,72
"Indianapolis",2020-11-29,40,670.22,553.09,549.09,76
"Indianapolis",2020-11-29,40,670.22,553.09,549.09,76
"Indianapolis",2020-12-06,41,691.29,670.22,553.09,56
"Indianapolis",2020-12-06,41,691.29,670.22,553.09,56
"Los Angeles",2020-03-01,1,0.13,NA,NA,NA
"Los Angeles",2020-03-08,2,0.38,0.13,NA,NA
"Los Angeles",2020-03-15,3,2.74,0.38,0.13,3
"Los Angeles",2020-03-15,3,2.74,0.38,0.13,3
"Los Angeles",2020-03-22,4,12.83,2.74,0.38,3
"Los Angeles",2020-03-22,4,12.83,2.74,0.38,3
"Los Angeles",2020-03-29,5,29.8,12.83,2.74,2
"Los Angeles",2020-03-29,5,29.8,12.83,2.74,2
"Los Angeles",2020-04-05,6,30.5,29.8,12.83,4
"Los Angeles",2020-04-05,6,30.5,29.8,12.83,4
"Los Angeles",2020-04-12,7,26.36,30.5,29.8,2
"Los Angeles",2020-04-12,7,26.36,30.5,29.8,2
"Los Angeles",2020-04-19,8,56.75,26.36,30.5,4
"Los Angeles",2020-04-19,8,56.75,26.36,30.5,4
"Los Angeles",2020-04-26,9,49.02,56.75,26.36,6
"Los Angeles",2020-04-26,9,49.02,56.75,26.36,6
"Los Angeles",2020-05-03,10,53.26,49.02,56.75,5
"Los Angeles",2020-05-03,10,53.26,49.02,56.75,5
"Los Angeles",2020-05-10,11,52.91,53.26,49.02,5
"Los Angeles",2020-05-10,11,52.91,53.26,49.02,5
"Los Angeles",2020-05-17,12,57.72,52.91,53.26,5
"Los Angeles",2020-05-17,12,57.72,52.91,53.26,5
"Los Angeles",2020-05-24,13,80.33,57.72,52.91,6
"Los Angeles",2020-05-24,13,80.33,57.72,52.91,6
"Los Angeles",2020-05-31,14,74.93,80.33,57.72,7
"Los Angeles",2020-05-31,14,74.93,80.33,57.72,7
"Los Angeles",2020-06-07,15,81.23,74.93,80.33,7
"Los Angeles",2020-06-07,15,81.23,74.93,80.33,7
"Los Angeles",2020-06-14,16,84.46,81.23,74.93,9
"Los Angeles",2020-06-14,16,84.46,81.23,74.93,9
"Los Angeles",2020-06-21,17,124.15,84.46,81.23,33
"Los Angeles",2020-06-21,17,124.15,84.46,81.23,33
"Los Angeles",2020-06-28,18,183.78,124.15,84.46,50
"Los Angeles",2020-06-28,18,183.78,124.15,84.46,50
"Los Angeles",2020-07-05,19,163.59,183.78,124.15,42
"Los Angeles",2020-07-05,19,163.59,183.78,124.15,42
"Los Angeles",2020-07-12,20,212.78,163.59,183.78,28
"Los Angeles",2020-07-12,20,212.78,163.59,183.78,28
"Los Angeles",2020-07-19,21,183.32,212.78,163.59,16
"Los Angeles",2020-07-19,21,183.32,212.78,163.59,16
"Los Angeles",2020-07-26,22,160.79,183.32,212.78,15
"Los Angeles",2020-07-26,22,160.79,183.32,212.78,15
"Los Angeles",2020-08-02,23,138.56,160.79,183.32,14
"Los Angeles",2020-08-02,23,138.56,160.79,183.32,14
"Los Angeles",2020-08-09,24,138.42,138.56,160.79,12
"Los Angeles",2020-08-09,24,138.42,138.56,160.79,12
"Los Angeles",2020-08-16,25,93.33,138.42,138.56,10
"Los Angeles",2020-08-16,25,93.33,138.42,138.56,10
"Los Angeles",2020-08-23,26,86.9,93.33,138.42,8
"Los Angeles",2020-08-23,26,86.9,93.33,138.42,8
"Los Angeles",2020-08-30,27,76.39,86.9,93.33,11
"Los Angeles",2020-08-30,27,76.39,86.9,93.33,11
"Los Angeles",2020-09-06,28,53.51,76.39,86.9,8
"Los Angeles",2020-09-06,28,53.51,76.39,86.9,8
"Los Angeles",2020-09-13,29,59.54,53.51,76.39,9
"Los Angeles",2020-09-13,29,59.54,53.51,76.39,9
"Los Angeles",2020-09-20,30,64.59,59.54,53.51,11
"Los Angeles",2020-09-20,30,64.59,59.54,53.51,11
"Los Angeles",2020-09-27,31,60.73,64.59,59.54,14
"Los Angeles",2020-09-27,31,60.73,64.59,59.54,14
"Los Angeles",2020-10-04,32,66.96,60.73,64.59,15
"Los Angeles",2020-10-04,32,66.96,60.73,64.59,15
"Los Angeles",2020-10-11,33,62,66.96,60.73,12
"Los Angeles",2020-10-11,33,62,66.96,60.73,12
"Los Angeles",2020-10-18,34,94.88,62,66.96,17
"Los Angeles",2020-10-18,34,94.88,62,66.96,17
"Los Angeles",2020-10-25,35,78.19,94.88,62,18
"Los Angeles",2020-10-25,35,78.19,94.88,62,18
"Los Angeles",2020-11-01,36,108.91,78.19,94.88,16
"Los Angeles",2020-11-01,36,108.91,78.19,94.88,16
"Los Angeles",2020-11-08,37,148.03,108.91,78.19,24
"Los Angeles",2020-11-08,37,148.03,108.91,78.19,24
"Los Angeles",2020-11-15,38,226.69,148.03,108.91,46
"Los Angeles",2020-11-15,38,226.69,148.03,108.91,46
"Los Angeles",2020-11-22,39,277.64,226.69,148.03,58
"Los Angeles",2020-11-22,39,277.64,226.69,148.03,58
"Los Angeles",2020-11-29,40,428.57,277.64,226.69,61
"Los Angeles",2020-11-29,40,428.57,277.64,226.69,61
"Los Angeles",2020-12-06,41,666.2,428.57,277.64,84
"Los Angeles",2020-12-06,41,666.2,428.57,277.64,84
"Louisville",2020-03-01,1,0,NA,NA,NA
"Louisville",2020-03-08,2,0.32,0,NA,NA
"Louisville",2020-03-15,3,2.37,0.32,0,0
"Louisville",2020-03-15,3,2.37,0.32,0,0
"Louisville",2020-03-22,4,9.01,2.37,0.32,4
"Louisville",2020-03-22,4,9.01,2.37,0.32,4
"Louisville",2020-03-29,5,24.9,9.01,2.37,0
"Louisville",2020-03-29,5,24.9,9.01,2.37,0
"Louisville",2020-04-05,6,30.99,24.9,9.01,2
"Louisville",2020-04-05,6,30.99,24.9,9.01,2
"Louisville",2020-04-12,7,26.48,30.99,24.9,7
"Louisville",2020-04-12,7,26.48,30.99,24.9,7
"Louisville",2020-04-19,8,46.08,26.48,30.99,5
"Louisville",2020-04-19,8,46.08,26.48,30.99,5
"Louisville",2020-04-26,9,35.02,46.08,26.48,9
"Louisville",2020-04-26,9,35.02,46.08,26.48,9
"Louisville",2020-05-03,10,34.38,35.02,46.08,4
"Louisville",2020-05-03,10,34.38,35.02,46.08,4
"Louisville",2020-05-10,11,35.41,34.38,35.02,7
"Louisville",2020-05-10,11,35.41,34.38,35.02,7
"Louisville",2020-05-17,12,35.17,35.41,34.38,6
"Louisville",2020-05-17,12,35.17,35.41,34.38,6
"Louisville",2020-05-24,13,38.57,35.17,35.41,4
"Louisville",2020-05-24,13,38.57,35.17,35.41,4
"Louisville",2020-05-31,14,50.27,38.57,35.17,2
"Louisville",2020-05-31,14,50.27,38.57,35.17,2
"Louisville",2020-06-07,15,30.51,50.27,38.57,0
"Louisville",2020-06-07,15,30.51,50.27,38.57,0
"Louisville",2020-06-14,16,31.06,30.51,50.27,14
"Louisville",2020-06-14,16,31.06,30.51,50.27,14
"Louisville",2020-06-21,17,29.8,31.06,30.51,6
"Louisville",2020-06-21,17,29.8,31.06,30.51,6
"Louisville",2020-06-28,18,27.11,29.8,31.06,43
"Louisville",2020-06-28,18,27.11,29.8,31.06,43
"Louisville",2020-07-05,19,59.99,27.11,29.8,31
"Louisville",2020-07-05,19,59.99,27.11,29.8,31
"Louisville",2020-07-12,20,62.68,59.99,27.11,25
"Louisville",2020-07-12,20,62.68,59.99,27.11,25
"Louisville",2020-07-19,21,135.09,62.68,59.99,21
"Louisville",2020-07-19,21,135.09,62.68,59.99,21
"Louisville",2020-07-26,22,118.25,135.09,62.68,43
"Louisville",2020-07-26,22,118.25,135.09,62.68,43
"Louisville",2020-08-02,23,133.03,118.25,135.09,26
"Louisville",2020-08-02,23,133.03,118.25,135.09,26
"Louisville",2020-08-09,24,166.07,133.03,118.25,18
"Louisville",2020-08-09,24,166.07,133.03,118.25,18
"Louisville",2020-08-16,25,153.82,166.07,133.03,13
"Louisville",2020-08-16,25,153.82,166.07,133.03,13
"Louisville",2020-08-23,26,133.66,153.82,166.07,35
"Louisville",2020-08-23,26,133.66,153.82,166.07,35
"Louisville",2020-08-30,27,202.2,133.66,153.82,16
"Louisville",2020-08-30,27,202.2,133.66,153.82,16
"Louisville",2020-09-06,28,82.6,202.2,133.66,8
"Louisville",2020-09-06,28,82.6,202.2,133.66,8
"Louisville",2020-09-13,29,110.43,82.6,202.2,21
"Louisville",2020-09-13,29,110.43,82.6,202.2,21
"Louisville",2020-09-20,30,117.78,110.43,82.6,36
"Louisville",2020-09-20,30,117.78,110.43,82.6,36
"Louisville",2020-09-27,31,136.75,117.78,110.43,44
"Louisville",2020-09-27,31,136.75,117.78,110.43,44
"Louisville",2020-10-04,32,145.05,136.75,117.78,40
"Louisville",2020-10-04,32,145.05,136.75,117.78,40
"Louisville",2020-10-11,33,182.67,145.05,136.75,34
"Louisville",2020-10-11,33,182.67,145.05,136.75,34
"Louisville",2020-10-18,34,212.79,182.67,145.05,69
"Louisville",2020-10-18,34,212.79,182.67,145.05,69
"Louisville",2020-10-25,35,275.87,212.79,182.67,49
"Louisville",2020-10-25,35,275.87,212.79,182.67,49
"Louisville",2020-11-01,36,288.51,275.87,212.79,83
"Louisville",2020-11-01,36,288.51,275.87,212.79,83
"Louisville",2020-11-08,37,408.11,288.51,275.87,100
"Louisville",2020-11-08,37,408.11,288.51,275.87,100
"Louisville",2020-11-15,38,451.5,408.11,288.51,84
"Louisville",2020-11-15,38,451.5,408.11,288.51,84
"Louisville",2020-11-22,39,457.75,451.5,408.11,61
"Louisville",2020-11-22,39,457.75,451.5,408.11,61
"Louisville",2020-11-29,40,500.67,457.75,451.5,58
"Louisville",2020-11-29,40,500.67,457.75,451.5,58
"Louisville",2020-12-06,41,485.73,500.67,457.75,54
"Louisville",2020-12-06,41,485.73,500.67,457.75,54
"Memphis",2020-03-01,1,0,NA,NA,NA
"Memphis",2020-03-08,2,0.15,0,NA,NA
"Memphis",2020-03-15,3,4.46,0.15,0,7
"Memphis",2020-03-22,4,24.74,4.46,0.15,17
"Memphis",2020-03-29,5,42.42,24.74,4.46,10
"Memphis",2020-04-05,6,43.01,42.42,24.74,3
"Memphis",2020-04-12,7,55.2,43.01,42.42,23
"Memphis",2020-04-19,8,36.03,55.2,43.01,10
"Memphis",2020-04-26,9,49.4,36.03,55.2,10
"Memphis",2020-05-03,10,49.55,49.4,36.03,3
"Memphis",2020-05-10,11,62.93,49.55,49.4,10
"Memphis",2020-05-17,12,53.19,62.93,49.55,24
"Memphis",2020-05-24,13,71.17,53.19,62.93,14
"Memphis",2020-05-31,14,82.54,71.17,53.19,3
"Memphis",2020-06-07,15,75.18,82.54,71.17,10
"Memphis",2020-06-14,16,107.43,75.18,82.54,14
"Memphis",2020-06-21,17,160.77,107.43,75.18,54
"Memphis",2020-06-28,18,229.71,160.77,107.43,52
"Memphis",2020-07-05,19,189.44,229.71,160.77,66
"Memphis",2020-07-12,20,269.16,189.44,229.71,89
"Memphis",2020-07-19,21,246.95,269.16,189.44,33
"Memphis",2020-07-26,22,302.74,246.95,269.16,30
"Memphis",2020-08-02,23,206.09,302.74,246.95,37
"Memphis",2020-08-09,24,168.27,206.09,302.74,29
"Memphis",2020-08-16,25,149.1,168.27,206.09,7
"Memphis",2020-08-23,26,144.5,149.1,168.27,10
"Memphis",2020-08-30,27,109.36,144.5,149.1,24
"Memphis",2020-09-06,28,104.16,109.36,144.5,25
"Memphis",2020-09-13,29,136.33,104.16,109.36,24
"Memphis",2020-09-20,30,109.36,136.33,104.16,24
"Memphis",2020-09-27,31,93.31,109.36,136.33,22
"Memphis",2020-10-04,32,133.28,93.31,109.36,37
"Memphis",2020-10-11,33,153.19,133.28,93.31,53
"Memphis",2020-10-18,34,229.71,153.19,133.28,63
"Memphis",2020-10-25,35,223.47,229.71,153.19,60
"Memphis",2020-11-01,36,211.06,223.47,229.71,30
"Memphis",2020-11-08,37,328.3,211.06,223.47,63
"Memphis",2020-11-15,38,345.53,328.3,211.06,92
"Memphis",2020-11-22,39,303.78,345.53,328.3,96
"Memphis",2020-11-29,40,380.75,303.78,345.53,100
"Memphis",2020-12-06,41,415.29,380.75,303.78,48
"Miami",2020-03-01,1,0.03,NA,NA,NA
"Miami",2020-03-08,2,0.52,0.03,NA,NA
"Miami",2020-03-15,3,5.74,0.52,0.03,3
"Miami",2020-03-22,4,30.15,5.74,0.52,3
"Miami",2020-03-29,5,70.11,30.15,5.74,4
"Miami",2020-04-05,6,72.48,70.11,30.15,4
"Miami",2020-04-12,7,63.19,72.48,70.11,7
"Miami",2020-04-19,8,52.53,63.19,72.48,3
"Miami",2020-04-26,9,43.4,52.53,63.19,5
"Miami",2020-05-03,10,39.52,43.4,52.53,8
"Miami",2020-05-10,11,41.74,39.52,43.4,7
"Miami",2020-05-17,12,39.94,41.74,39.52,8
"Miami",2020-05-24,13,37.23,39.94,41.74,7
"Miami",2020-05-31,14,52.77,37.23,39.94,8
"Miami",2020-06-07,15,78.65,52.77,37.23,9
"Miami",2020-06-14,16,120.71,78.65,52.77,15
"Miami",2020-06-21,17,195.37,120.71,78.65,54
"Miami",2020-06-28,18,353.5,195.37,120.71,95
"Miami",2020-07-05,19,459.92,353.5,195.37,100
"Miami",2020-07-12,20,568.29,459.92,353.5,63
"Miami",2020-07-19,21,573.32,568.29,459.92,35
"Miami",2020-07-26,22,517.9,573.32,568.29,29
"Miami",2020-08-02,23,283.44,517.9,573.32,30
"Miami",2020-08-09,24,320.79,283.44,517.9,23
"Miami",2020-08-16,25,180.19,320.79,283.44,15
"Miami",2020-08-23,26,129.68,180.19,320.79,10
"Miami",2020-08-30,27,137.15,129.68,180.19,14
"Miami",2020-09-06,28,79.05,137.15,129.68,10
"Miami",2020-09-13,29,84.44,79.05,137.15,18
"Miami",2020-09-20,30,78.32,84.44,79.05,20
"Miami",2020-09-27,31,73.76,78.32,84.44,19
"Miami",2020-10-04,32,63.79,73.76,78.32,32
"Miami",2020-10-11,33,113.35,63.79,73.76,29
"Miami",2020-10-18,34,121.47,113.35,63.79,34
"Miami",2020-10-25,35,152.56,121.47,113.35,38
"Miami",2020-11-01,36,213.66,152.56,121.47,31
"Miami",2020-11-08,37,225.29,213.66,152.56,52
"Miami",2020-11-15,38,371,225.29,213.66,65
"Miami",2020-11-22,39,344.98,371,225.29,80
"Miami",2020-11-29,40,419.06,344.98,371,57
"Miami",2020-12-06,41,402.85,419.06,344.98,59
"New York",2020-03-01,1,0.41,NA,NA,NA
"New York",2020-03-08,2,1.57,0.41,NA,NA
"New York",2020-03-15,3,22.34,1.57,0.41,8
"New York",2020-03-15,3,22.34,1.57,0.41,8
"New York",2020-03-22,4,119.86,22.34,1.57,8
"New York",2020-03-22,4,119.86,22.34,1.57,8
"New York",2020-03-29,5,230.77,119.86,22.34,10
"New York",2020-03-29,5,230.77,119.86,22.34,10
"New York",2020-04-05,6,257.54,230.77,119.86,9
"New York",2020-04-05,6,257.54,230.77,119.86,9
"New York",2020-04-12,7,207.69,257.54,230.77,5
"New York",2020-04-12,7,207.69,257.54,230.77,5
"New York",2020-04-19,8,191.15,207.69,257.54,8
"New York",2020-04-19,8,191.15,207.69,257.54,8
"New York",2020-04-26,9,120.58,191.15,207.69,9
"New York",2020-04-26,9,120.58,191.15,207.69,9
"New York",2020-05-03,10,77.46,120.58,191.15,7
"New York",2020-05-03,10,77.46,120.58,191.15,7
"New York",2020-05-10,11,47.23,77.46,120.58,9
"New York",2020-05-10,11,47.23,77.46,120.58,9
"New York",2020-05-17,12,41.78,47.23,77.46,12
"New York",2020-05-17,12,41.78,47.23,77.46,12
"New York",2020-05-24,13,33.92,41.78,47.23,11
"New York",2020-05-24,13,33.92,41.78,47.23,11
"New York",2020-05-31,14,25.84,33.92,41.78,7
"New York",2020-05-31,14,25.84,33.92,41.78,7
"New York",2020-06-07,15,15.83,25.84,33.92,9
"New York",2020-06-07,15,15.83,25.84,33.92,9
"New York",2020-06-14,16,11.58,15.83,25.84,9
"New York",2020-06-14,16,11.58,15.83,25.84,9
"New York",2020-06-21,17,20.04,11.58,15.83,18
"New York",2020-06-21,17,20.04,11.58,15.83,18
"New York",2020-06-28,18,12.56,20.04,11.58,27
"New York",2020-06-28,18,12.56,20.04,11.58,27
"New York",2020-07-05,19,12.41,12.56,20.04,32
"New York",2020-07-05,19,12.41,12.56,20.04,32
"New York",2020-07-12,20,12.7,12.41,12.56,25
"New York",2020-07-12,20,12.7,12.41,12.56,25
"New York",2020-07-19,21,11.63,12.7,12.41,22
"New York",2020-07-19,21,11.63,12.7,12.41,22
"New York",2020-07-26,22,16.35,11.63,12.7,23
"New York",2020-07-26,22,16.35,11.63,12.7,23
"New York",2020-08-02,23,13.81,16.35,11.63,22
"New York",2020-08-02,23,13.81,16.35,11.63,22
"New York",2020-08-09,24,15.19,13.81,16.35,23
"New York",2020-08-09,24,15.19,13.81,16.35,23
"New York",2020-08-16,25,12.99,15.19,13.81,19
"New York",2020-08-16,25,12.99,15.19,13.81,19
"New York",2020-08-23,26,12.37,12.99,15.19,15
"New York",2020-08-23,26,12.37,12.99,15.19,15
"New York",2020-08-30,27,16.98,12.37,12.99,23
"New York",2020-08-30,27,16.98,12.37,12.99,23
"New York",2020-09-06,28,16.27,16.98,12.37,20
"New York",2020-09-06,28,16.27,16.98,12.37,20
"New York",2020-09-13,29,18.26,16.27,16.98,24
"New York",2020-09-13,29,18.26,16.27,16.98,24
"New York",2020-09-20,30,21,18.26,16.27,22
"New York",2020-09-20,30,21,18.26,16.27,22
"New York",2020-09-27,31,31.29,21,18.26,25
"New York",2020-09-27,31,31.29,21,18.26,25
"New York",2020-10-04,32,34.33,31.29,21,36
"New York",2020-10-04,32,34.33,31.29,21,36
"New York",2020-10-11,33,35.91,34.33,31.29,24
"New York",2020-10-11,33,35.91,34.33,31.29,24
"New York",2020-10-18,34,48.11,35.91,34.33,34
"New York",2020-10-18,34,48.11,35.91,34.33,34
"New York",2020-10-25,35,60.4,48.11,35.91,38
"New York",2020-10-25,35,60.4,48.11,35.91,38
"New York",2020-11-01,36,79.75,60.4,48.11,37
"New York",2020-11-01,36,79.75,60.4,48.11,37
"New York",2020-11-08,37,127.28,79.75,60.4,66
"New York",2020-11-08,37,127.28,79.75,60.4,66
"New York",2020-11-15,38,149.09,127.28,79.75,100
"New York",2020-11-15,38,149.09,127.28,79.75,100
"New York",2020-11-22,39,162.25,149.09,127.28,89
"New York",2020-11-22,39,162.25,149.09,127.28,89
"New York",2020-11-29,40,217.62,162.25,149.09,77
"New York",2020-11-29,40,217.62,162.25,149.09,77
"New York",2020-12-06,41,228.31,217.62,162.25,63
"New York",2020-12-06,41,228.31,217.62,162.25,63
"Oklahoma",2020-03-01,1,0,NA,NA,NA
"Oklahoma",2020-03-08,2,0.07,0,NA,NA
"Oklahoma",2020-03-15,3,2.56,0.07,0,6
"Oklahoma",2020-03-15,3,2.56,0.07,0,6
"Oklahoma",2020-03-22,4,9.72,2.56,0.07,0
"Oklahoma",2020-03-22,4,9.72,2.56,0.07,0
"Oklahoma",2020-03-29,5,22.22,9.72,2.56,11
"Oklahoma",2020-03-29,5,22.22,9.72,2.56,11
"Oklahoma",2020-04-05,6,20.44,22.22,9.72,9
"Oklahoma",2020-04-05,6,20.44,22.22,9.72,9
"Oklahoma",2020-04-12,7,15.4,20.44,22.22,3
"Oklahoma",2020-04-12,7,15.4,20.44,22.22,3
"Oklahoma",2020-04-19,8,19.73,15.4,20.44,3
"Oklahoma",2020-04-19,8,19.73,15.4,20.44,3
"Oklahoma",2020-04-26,9,15.76,19.73,15.4,5
"Oklahoma",2020-04-26,9,15.76,19.73,15.4,5
"Oklahoma",2020-05-03,10,11.71,15.76,19.73,9
"Oklahoma",2020-05-03,10,11.71,15.76,19.73,9
"Oklahoma",2020-05-10,11,12.85,11.71,15.76,11
"Oklahoma",2020-05-10,11,12.85,11.71,15.76,11
"Oklahoma",2020-05-17,12,12.14,12.85,11.71,4
"Oklahoma",2020-05-17,12,12.14,12.85,11.71,4
"Oklahoma",2020-05-24,13,8.73,12.14,12.85,6
"Oklahoma",2020-05-24,13,8.73,12.14,12.85,6
"Oklahoma",2020-05-31,14,10.29,8.73,12.14,6
"Oklahoma",2020-05-31,14,10.29,8.73,12.14,6
"Oklahoma",2020-06-07,15,17.74,10.29,8.73,15
"Oklahoma",2020-06-07,15,17.74,10.29,8.73,15
"Oklahoma",2020-06-14,16,42.09,17.74,10.29,17
"Oklahoma",2020-06-14,16,42.09,17.74,10.29,17
"Oklahoma",2020-06-21,17,61.39,42.09,17.74,47
"Oklahoma",2020-06-21,17,61.39,42.09,17.74,47
"Oklahoma",2020-06-28,18,86.66,61.39,42.09,62
"Oklahoma",2020-06-28,18,86.66,61.39,42.09,62
"Oklahoma",2020-07-05,19,125.41,86.66,61.39,76
"Oklahoma",2020-07-05,19,125.41,86.66,61.39,76
"Oklahoma",2020-07-12,20,163.88,125.41,86.66,66
"Oklahoma",2020-07-12,20,163.88,125.41,86.66,66
"Oklahoma",2020-07-19,21,133.5,163.88,125.41,28
"Oklahoma",2020-07-19,21,133.5,163.88,125.41,28
"Oklahoma",2020-07-26,22,203.13,133.5,163.88,22
"Oklahoma",2020-07-26,22,203.13,133.5,163.88,22
"Oklahoma",2020-08-02,23,128.04,203.13,133.5,32
"Oklahoma",2020-08-02,23,128.04,203.13,133.5,32
"Oklahoma",2020-08-09,24,109.94,128.04,203.13,10
"Oklahoma",2020-08-09,24,109.94,128.04,203.13,10
"Oklahoma",2020-08-16,25,113.56,109.94,128.04,22
"Oklahoma",2020-08-16,25,113.56,109.94,128.04,22
"Oklahoma",2020-08-23,26,86.73,113.56,109.94,26
"Oklahoma",2020-08-23,26,86.73,113.56,109.94,26
"Oklahoma",2020-08-30,27,123.64,86.73,113.56,27
"Oklahoma",2020-08-30,27,123.64,86.73,113.56,27
"Oklahoma",2020-09-06,28,126.41,123.64,86.73,34
"Oklahoma",2020-09-06,28,126.41,123.64,86.73,34
"Oklahoma",2020-09-13,29,182.05,126.41,123.64,34
"Oklahoma",2020-09-13,29,182.05,126.41,123.64,34
"Oklahoma",2020-09-20,30,171.83,182.05,126.41,25
"Oklahoma",2020-09-20,30,171.83,182.05,126.41,25
"Oklahoma",2020-09-27,31,163.17,171.83,182.05,24
"Oklahoma",2020-09-27,31,163.17,171.83,182.05,24
"Oklahoma",2020-10-04,32,183.54,163.17,171.83,43
"Oklahoma",2020-10-04,32,183.54,163.17,171.83,43
"Oklahoma",2020-10-11,33,210.8,183.54,163.17,18
"Oklahoma",2020-10-11,33,210.8,183.54,163.17,18
"Oklahoma",2020-10-18,34,230.67,210.8,183.54,40
"Oklahoma",2020-10-18,34,230.67,210.8,183.54,40
"Oklahoma",2020-10-25,35,166.86,230.67,210.8,47
"Oklahoma",2020-10-25,35,166.86,230.67,210.8,47
"Oklahoma",2020-11-01,36,327.83,166.86,230.67,61
"Oklahoma",2020-11-01,36,327.83,166.86,230.67,61
"Oklahoma",2020-11-08,37,351.82,327.83,166.86,100
"Oklahoma",2020-11-08,37,351.82,327.83,166.86,100
"Oklahoma",2020-11-15,38,522.87,351.82,327.83,81
"Oklahoma",2020-11-15,38,522.87,351.82,327.83,81
"Oklahoma",2020-11-22,39,567.87,522.87,351.82,99
"Oklahoma",2020-11-22,39,567.87,522.87,351.82,99
"Oklahoma",2020-11-29,40,530.89,567.87,522.87,68
"Oklahoma",2020-11-29,40,530.89,567.87,522.87,68
"Oklahoma",2020-12-06,41,512.15,530.89,567.87,45
"Oklahoma",2020-12-06,41,512.15,530.89,567.87,45
"Phoenix",2020-03-01,1,0.1,NA,NA,NA
"Phoenix",2020-03-08,2,0.08,0.1,NA,NA
"Phoenix",2020-03-15,3,1.09,0.08,0.1,3
"Phoenix",2020-03-22,4,8.73,1.09,0.08,4
"Phoenix",2020-03-29,5,15.46,8.73,1.09,4
"Phoenix",2020-04-05,6,15.7,15.46,8.73,3
"Phoenix",2020-04-12,7,13.92,15.7,15.46,2
"Phoenix",2020-04-19,8,16.98,13.92,15.7,2
"Phoenix",2020-04-26,9,26.07,16.98,13.92,9
"Phoenix",2020-05-03,10,30.48,26.07,16.98,7
"Phoenix",2020-05-10,11,28.5,30.48,26.07,14
"Phoenix",2020-05-17,12,23.32,28.5,30.48,10
"Phoenix",2020-05-24,13,28.92,23.32,28.5,11
"Phoenix",2020-05-31,14,70.11,28.92,23.32,10
"Phoenix",2020-06-07,15,110.4,70.11,28.92,25
"Phoenix",2020-06-14,16,226,110.4,70.11,39
"Phoenix",2020-06-21,17,304.23,226,110.4,80
"Phoenix",2020-06-28,18,374.64,304.23,226,94
"Phoenix",2020-07-05,19,402.73,374.64,304.23,69
"Phoenix",2020-07-12,20,331.68,402.73,374.64,52
"Phoenix",2020-07-19,21,288.25,331.68,402.73,26
"Phoenix",2020-07-26,22,258.26,288.25,331.68,17
"Phoenix",2020-08-02,23,130.41,258.26,288.25,15
"Phoenix",2020-08-09,24,73.72,130.41,258.26,16
"Phoenix",2020-08-16,25,66.39,73.72,130.41,13
"Phoenix",2020-08-23,26,41.81,66.39,73.72,8
"Phoenix",2020-08-30,27,58.45,41.81,66.39,9
"Phoenix",2020-09-06,28,33.69,58.45,41.81,14
"Phoenix",2020-09-13,29,57.35,33.69,58.45,19
"Phoenix",2020-09-20,30,31.79,57.35,33.69,17
"Phoenix",2020-09-27,31,44.14,31.79,57.35,21
"Phoenix",2020-10-04,32,64,44.14,31.79,25
"Phoenix",2020-10-11,33,73.91,64,44.14,23
"Phoenix",2020-10-18,34,90.17,73.91,64,26
"Phoenix",2020-10-25,35,119.46,90.17,73.91,37
"Phoenix",2020-11-01,36,153.35,119.46,90.17,36
"Phoenix",2020-11-08,37,210.04,153.35,119.46,48
"Phoenix",2020-11-15,38,311.97,210.04,153.35,84
"Phoenix",2020-11-22,39,316.78,311.97,210.04,74
"Phoenix",2020-11-29,40,535.79,316.78,311.97,78
"Phoenix",2020-12-06,41,564.83,535.79,316.78,95
"Pittsburgh",2020-03-01,1,0,NA,NA,NA
"Pittsburgh",2020-03-08,2,0.08,0,NA,NA
"Pittsburgh",2020-03-15,3,1.78,0.08,0,8
"Pittsburgh",2020-03-15,3,1.78,0.08,0,8
"Pittsburgh",2020-03-22,4,13.33,1.78,0.08,1
"Pittsburgh",2020-03-22,4,13.33,1.78,0.08,1
"Pittsburgh",2020-03-29,5,23.89,13.33,1.78,6
"Pittsburgh",2020-03-29,5,23.89,13.33,1.78,6
"Pittsburgh",2020-04-05,6,23.17,23.89,13.33,3
"Pittsburgh",2020-04-05,6,23.17,23.89,13.33,3
"Pittsburgh",2020-04-12,7,18.72,23.17,23.89,1
"Pittsburgh",2020-04-12,7,18.72,23.17,23.89,1
"Pittsburgh",2020-04-19,8,17.02,18.72,23.17,0
"Pittsburgh",2020-04-19,8,17.02,18.72,23.17,0
"Pittsburgh",2020-04-26,9,12.18,17.02,18.72,4
"Pittsburgh",2020-04-26,9,12.18,17.02,18.72,4
"Pittsburgh",2020-05-03,10,10.4,12.18,17.02,3
"Pittsburgh",2020-05-03,10,10.4,12.18,17.02,3
"Pittsburgh",2020-05-10,11,7.34,10.4,12.18,6
"Pittsburgh",2020-05-10,11,7.34,10.4,12.18,6
"Pittsburgh",2020-05-17,12,9.8,7.34,10.4,4
"Pittsburgh",2020-05-17,12,9.8,7.34,10.4,4
"Pittsburgh",2020-05-24,13,9.04,9.8,7.34,0
"Pittsburgh",2020-05-24,13,9.04,9.8,7.34,0
"Pittsburgh",2020-05-31,14,5.77,9.04,9.8,1
"Pittsburgh",2020-05-31,14,5.77,9.04,9.8,1
"Pittsburgh",2020-06-07,15,6.49,5.77,9.04,6
"Pittsburgh",2020-06-07,15,6.49,5.77,9.04,6
"Pittsburgh",2020-06-14,16,6.45,6.49,5.77,5
"Pittsburgh",2020-06-14,16,6.45,6.49,5.77,5
"Pittsburgh",2020-06-21,17,20.92,6.45,6.49,14
"Pittsburgh",2020-06-21,17,20.92,6.45,6.49,14
"Pittsburgh",2020-06-28,18,57.93,20.92,6.45,33
"Pittsburgh",2020-06-28,18,57.93,20.92,6.45,33
"Pittsburgh",2020-07-05,19,81.53,57.93,20.92,50
"Pittsburgh",2020-07-05,19,81.53,57.93,20.92,50
"Pittsburgh",2020-07-12,20,80.51,81.53,57.93,34
"Pittsburgh",2020-07-12,20,80.51,81.53,57.93,34
"Pittsburgh",2020-07-19,21,68.5,80.51,81.53,16
"Pittsburgh",2020-07-19,21,68.5,80.51,81.53,16
"Pittsburgh",2020-07-26,22,65.61,68.5,80.51,21
"Pittsburgh",2020-07-26,22,65.61,68.5,80.51,21
"Pittsburgh",2020-08-02,23,45.58,65.61,68.5,24
"Pittsburgh",2020-08-02,23,45.58,65.61,68.5,24
"Pittsburgh",2020-08-09,24,43.63,45.58,65.61,20
"Pittsburgh",2020-08-09,24,43.63,45.58,65.61,20
"Pittsburgh",2020-08-16,25,35.48,43.63,45.58,5
"Pittsburgh",2020-08-16,25,35.48,43.63,45.58,5
"Pittsburgh",2020-08-23,26,31.66,35.48,43.63,6
"Pittsburgh",2020-08-23,26,31.66,35.48,43.63,6
"Pittsburgh",2020-08-30,27,38.58,31.66,35.48,12
"Pittsburgh",2020-08-30,27,38.58,31.66,35.48,12
"Pittsburgh",2020-09-06,28,32.64,38.58,31.66,19
"Pittsburgh",2020-09-06,28,32.64,38.58,31.66,19
"Pittsburgh",2020-09-13,29,37.35,32.64,38.58,12
"Pittsburgh",2020-09-13,29,37.35,32.64,38.58,12
"Pittsburgh",2020-09-20,30,34.08,37.35,32.64,18
"Pittsburgh",2020-09-20,30,34.08,37.35,32.64,18
"Pittsburgh",2020-09-27,31,35.44,34.08,37.35,14
"Pittsburgh",2020-09-27,31,35.44,34.08,37.35,14
"Pittsburgh",2020-10-04,32,62.77,35.44,34.08,20
"Pittsburgh",2020-10-04,32,62.77,35.44,34.08,20
"Pittsburgh",2020-10-11,33,81.02,62.77,35.44,23
"Pittsburgh",2020-10-11,33,81.02,62.77,35.44,23
"Pittsburgh",2020-10-18,34,88.06,81.02,62.77,39
"Pittsburgh",2020-10-18,34,88.06,81.02,62.77,39
"Pittsburgh",2020-10-25,35,98.5,88.06,81.02,26
"Pittsburgh",2020-10-25,35,98.5,88.06,81.02,26
"Pittsburgh",2020-11-01,36,125.88,98.5,88.06,38
"Pittsburgh",2020-11-01,36,125.88,98.5,88.06,38
"Pittsburgh",2020-11-08,37,216.06,125.88,98.5,68
"Pittsburgh",2020-11-08,37,216.06,125.88,98.5,68
"Pittsburgh",2020-11-15,38,323.01,216.06,125.88,100
"Pittsburgh",2020-11-15,38,323.01,216.06,125.88,100
"Pittsburgh",2020-11-22,39,381.49,323.01,216.06,99
"Pittsburgh",2020-11-22,39,381.49,323.01,216.06,99
"Pittsburgh",2020-11-29,40,457.75,381.49,323.01,78
"Pittsburgh",2020-11-29,40,457.75,381.49,323.01,78
"Pittsburgh",2020-12-06,41,609.43,457.75,381.49,68
"Pittsburgh",2020-12-06,41,609.43,457.75,381.49,68
"Portland",2020-03-01,1,0.16,NA,NA,NA
"Portland",2020-03-08,2,0.56,0.16,NA,NA
"Portland",2020-03-15,3,2.66,0.56,0.16,9
"Portland",2020-03-15,3,2.66,0.56,0.16,9
"Portland",2020-03-22,4,10.89,2.66,0.56,5
"Portland",2020-03-22,4,10.89,2.66,0.56,5
"Portland",2020-03-29,5,13.87,10.89,2.66,3
"Portland",2020-03-29,5,13.87,10.89,2.66,3
"Portland",2020-04-05,6,14.48,13.87,10.89,5
"Portland",2020-04-05,6,14.48,13.87,10.89,5
"Portland",2020-04-12,7,12.3,14.48,13.87,1
"Portland",2020-04-12,7,12.3,14.48,13.87,1
"Portland",2020-04-19,8,12.1,12.3,14.48,0
"Portland",2020-04-19,8,12.1,12.3,14.48,0
"Portland",2020-04-26,9,8.95,12.1,12.3,1
"Portland",2020-04-26,9,8.95,12.1,12.3,1
"Portland",2020-05-03,10,9.56,8.95,12.1,7
"Portland",2020-05-03,10,9.56,8.95,12.1,7
"Portland",2020-05-10,11,9.84,9.56,8.95,3
"Portland",2020-05-10,11,9.84,9.56,8.95,3
"Portland",2020-05-17,12,5.85,9.84,9.56,9
"Portland",2020-05-17,12,5.85,9.84,9.56,9
"Portland",2020-05-24,13,12.54,5.85,9.84,5
"Portland",2020-05-24,13,12.54,5.85,9.84,5
"Portland",2020-05-31,14,10.48,12.54,5.85,9
"Portland",2020-05-31,14,10.48,12.54,5.85,9
"Portland",2020-06-07,15,19.92,10.48,12.54,7
"Portland",2020-06-07,15,19.92,10.48,12.54,7
"Portland",2020-06-14,16,24.27,19.92,10.48,15
"Portland",2020-06-14,16,24.27,19.92,10.48,15
"Portland",2020-06-21,17,30.6,24.27,19.92,21
"Portland",2020-06-21,17,30.6,24.27,19.92,21
"Portland",2020-06-28,18,37.82,30.6,24.27,33
"Portland",2020-06-28,18,37.82,30.6,24.27,33
"Portland",2020-07-05,19,46.37,37.82,30.6,39
"Portland",2020-07-05,19,46.37,37.82,30.6,39
"Portland",2020-07-12,20,55.52,46.37,37.82,38
"Portland",2020-07-12,20,55.52,46.37,37.82,38
"Portland",2020-07-19,21,48.83,55.52,46.37,20
"Portland",2020-07-19,21,48.83,55.52,46.37,20
"Portland",2020-07-26,22,48.83,48.83,55.52,15
"Portland",2020-07-26,22,48.83,48.83,55.52,15
"Portland",2020-08-02,23,49.03,48.83,48.83,13
"Portland",2020-08-02,23,49.03,48.83,48.83,13
"Portland",2020-08-09,24,44.27,49.03,48.83,13
"Portland",2020-08-09,24,44.27,49.03,48.83,13
"Portland",2020-08-16,25,36.98,44.27,49.03,11
"Portland",2020-08-16,25,36.98,44.27,49.03,11
"Portland",2020-08-23,26,35.73,36.98,44.27,10
"Portland",2020-08-23,26,35.73,36.98,44.27,10
"Portland",2020-08-30,27,33.67,35.73,36.98,15
"Portland",2020-08-30,27,33.67,35.73,36.98,15
"Portland",2020-09-06,28,30.89,33.67,35.73,18
"Portland",2020-09-06,28,30.89,33.67,35.73,18
"Portland",2020-09-13,29,30.69,30.89,33.67,15
"Portland",2020-09-13,29,30.69,30.89,33.67,15
"Portland",2020-09-20,30,40.04,30.69,30.89,28
"Portland",2020-09-20,30,40.04,30.69,30.89,28
"Portland",2020-09-27,31,42.14,40.04,30.69,26
"Portland",2020-09-27,31,42.14,40.04,30.69,26
"Portland",2020-10-04,32,50.4,42.14,40.04,32
"Portland",2020-10-04,32,50.4,42.14,40.04,32
"Portland",2020-10-11,33,60.12,50.4,42.14,41
"Portland",2020-10-11,33,60.12,50.4,42.14,41
"Portland",2020-10-18,34,58.87,60.12,50.4,39
"Portland",2020-10-18,34,58.87,60.12,50.4,39
"Portland",2020-10-25,35,78.51,58.87,60.12,35
"Portland",2020-10-25,35,78.51,58.87,60.12,35
"Portland",2020-11-01,36,116.94,78.51,58.87,43
"Portland",2020-11-01,36,116.94,78.51,58.87,43
"Portland",2020-11-08,37,172.14,116.94,78.51,60
"Portland",2020-11-08,37,172.14,116.94,78.51,60
"Portland",2020-11-15,38,199.68,172.14,116.94,100
"Portland",2020-11-15,38,199.68,172.14,116.94,100
"Portland",2020-11-22,39,233.83,199.68,172.14,75
"Portland",2020-11-22,39,233.83,199.68,172.14,75
"Portland",2020-11-29,40,274.8,233.83,199.68,82
"Portland",2020-11-29,40,274.8,233.83,199.68,82
"Portland",2020-12-06,41,246.57,274.8,233.83,65
"Portland",2020-12-06,41,246.57,274.8,233.83,65
"Sacramento",2020-03-01,1,0.38,NA,NA,NA
"Sacramento",2020-03-08,2,1.23,0.38,NA,NA
"Sacramento",2020-03-15,3,1.44,1.23,0.38,7
"Sacramento",2020-03-15,3,1.44,1.23,0.38,7
"Sacramento",2020-03-22,4,6.94,1.44,1.23,4
"Sacramento",2020-03-22,4,6.94,1.44,1.23,4
"Sacramento",2020-03-29,5,13.83,6.94,1.44,5
"Sacramento",2020-03-29,5,13.83,6.94,1.44,5
"Sacramento",2020-04-05,6,16.08,13.83,6.94,5
"Sacramento",2020-04-05,6,16.08,13.83,6.94,5
"Sacramento",2020-04-12,7,11.63,16.08,13.83,1
"Sacramento",2020-04-12,7,11.63,16.08,13.83,1
"Sacramento",2020-04-19,8,6.18,11.63,16.08,5
"Sacramento",2020-04-19,8,6.18,11.63,16.08,5
"Sacramento",2020-04-26,9,5.03,6.18,11.63,4
"Sacramento",2020-04-26,9,5.03,6.18,11.63,4
"Sacramento",2020-05-03,10,3.17,5.03,6.18,3
"Sacramento",2020-05-03,10,3.17,5.03,6.18,3
"Sacramento",2020-05-10,11,3.55,3.17,5.03,6
"Sacramento",2020-05-10,11,3.55,3.17,5.03,6
"Sacramento",2020-05-17,12,4.02,3.55,3.17,11
"Sacramento",2020-05-17,12,4.02,3.55,3.17,11
"Sacramento",2020-05-24,13,7.49,4.02,3.55,3
"Sacramento",2020-05-24,13,7.49,4.02,3.55,3
"Sacramento",2020-05-31,14,9.48,7.49,4.02,7
"Sacramento",2020-05-31,14,9.48,7.49,4.02,7
"Sacramento",2020-06-07,15,12.69,9.48,7.49,7
"Sacramento",2020-06-07,15,12.69,9.48,7.49,7
"Sacramento",2020-06-14,16,24.16,12.69,9.48,9
"Sacramento",2020-06-14,16,24.16,12.69,9.48,9
"Sacramento",2020-06-21,17,38.29,24.16,12.69,19
"Sacramento",2020-06-21,17,38.29,24.16,12.69,19
"Sacramento",2020-06-28,18,75.64,38.29,24.16,50
"Sacramento",2020-06-28,18,75.64,38.29,24.16,50
"Sacramento",2020-07-05,19,79.62,75.64,38.29,51
"Sacramento",2020-07-05,19,79.62,75.64,38.29,51
"Sacramento",2020-07-12,20,80.59,79.62,75.64,35
"Sacramento",2020-07-12,20,80.59,79.62,75.64,35
"Sacramento",2020-07-19,21,110.38,80.59,79.62,18
"Sacramento",2020-07-19,21,110.38,80.59,79.62,18
"Sacramento",2020-07-26,22,85.04,110.38,80.59,9
"Sacramento",2020-07-26,22,85.04,110.38,80.59,9
"Sacramento",2020-08-02,23,56.06,85.04,110.38,17
"Sacramento",2020-08-02,23,56.06,85.04,110.38,17
"Sacramento",2020-08-09,24,153.95,56.06,85.04,18
"Sacramento",2020-08-09,24,153.95,56.06,85.04,18
"Sacramento",2020-08-16,25,84.36,153.95,56.06,14
"Sacramento",2020-08-16,25,84.36,153.95,56.06,14
"Sacramento",2020-08-23,26,97.98,84.36,153.95,11
"Sacramento",2020-08-23,26,97.98,84.36,153.95,11
"Sacramento",2020-08-30,27,89.22,97.98,84.36,14
"Sacramento",2020-08-30,27,89.22,97.98,84.36,14
"Sacramento",2020-09-06,28,65.74,89.22,97.98,6
"Sacramento",2020-09-06,28,65.74,89.22,97.98,6
"Sacramento",2020-09-13,29,57.41,65.74,89.22,14
"Sacramento",2020-09-13,29,57.41,65.74,89.22,14
"Sacramento",2020-09-20,30,52.92,57.41,65.74,19
"Sacramento",2020-09-20,30,52.92,57.41,65.74,19
"Sacramento",2020-09-27,31,36.55,52.92,57.41,18
"Sacramento",2020-09-27,31,36.55,52.92,57.41,18
"Sacramento",2020-10-04,32,44.72,36.55,52.92,23
"Sacramento",2020-10-04,32,44.72,36.55,52.92,23
"Sacramento",2020-10-11,33,34.52,44.72,36.55,22
"Sacramento",2020-10-11,33,34.52,44.72,36.55,22
"Sacramento",2020-10-18,34,60.79,34.52,44.72,34
"Sacramento",2020-10-18,34,60.79,34.52,44.72,34
"Sacramento",2020-10-25,35,58.72,60.79,34.52,22
"Sacramento",2020-10-25,35,58.72,60.79,34.52,22
"Sacramento",2020-11-01,36,82.24,58.72,60.79,28
"Sacramento",2020-11-01,36,82.24,58.72,60.79,28
"Sacramento",2020-11-08,37,134.66,82.24,58.72,36
"Sacramento",2020-11-08,37,134.66,82.24,58.72,36
"Sacramento",2020-11-15,38,178.36,134.66,82.24,84
"Sacramento",2020-11-15,38,178.36,134.66,82.24,84
"Sacramento",2020-11-22,39,228.45,178.36,134.66,94
"Sacramento",2020-11-22,39,228.45,178.36,134.66,94
"Sacramento",2020-11-29,40,289.42,228.45,178.36,88
"Sacramento",2020-11-29,40,289.42,228.45,178.36,88
"Sacramento",2020-12-06,41,393.23,289.42,228.45,100
"Sacramento",2020-12-06,41,393.23,289.42,228.45,100
"San Francisco",2020-03-01,1,0.42,NA,NA,NA
"San Francisco",2020-03-08,2,2.13,0.42,NA,NA
"San Francisco",2020-03-15,3,5.26,2.13,0.42,5
"San Francisco",2020-03-15,3,5.26,2.13,0.42,5
"San Francisco",2020-03-22,4,15.45,5.26,2.13,2
"San Francisco",2020-03-22,4,15.45,5.26,2.13,2
"San Francisco",2020-03-29,5,19.44,15.45,5.26,3
"San Francisco",2020-03-29,5,19.44,15.45,5.26,3
"San Francisco",2020-04-05,6,21.15,19.44,15.45,2
"San Francisco",2020-04-05,6,21.15,19.44,15.45,2
"San Francisco",2020-04-12,7,20.39,21.15,19.44,4
"San Francisco",2020-04-12,7,20.39,21.15,19.44,4
"San Francisco",2020-04-19,8,18.49,20.39,21.15,5
"San Francisco",2020-04-19,8,18.49,20.39,21.15,5
"San Francisco",2020-04-26,9,17.44,18.49,20.39,6
"San Francisco",2020-04-26,9,17.44,18.49,20.39,6
"San Francisco",2020-05-03,10,20.48,17.44,18.49,5
"San Francisco",2020-05-03,10,20.48,17.44,18.49,5
"San Francisco",2020-05-10,11,17.18,20.48,17.44,11
"San Francisco",2020-05-10,11,17.18,20.48,17.44,11
"San Francisco",2020-05-17,12,25.42,17.18,20.48,10
"San Francisco",2020-05-17,12,25.42,17.18,20.48,10
"San Francisco",2020-05-24,13,24.71,25.42,17.18,9
"San Francisco",2020-05-24,13,24.71,25.42,17.18,9
"San Francisco",2020-05-31,14,26.1,24.71,25.42,9
"San Francisco",2020-05-31,14,26.1,24.71,25.42,9
"San Francisco",2020-06-07,15,26.56,26.1,24.71,9
"San Francisco",2020-06-07,15,26.56,26.1,24.71,9
"San Francisco",2020-06-14,16,32.48,26.56,26.1,25
"San Francisco",2020-06-14,16,32.48,26.56,26.1,25
"San Francisco",2020-06-21,17,55.22,32.48,26.56,49
"San Francisco",2020-06-21,17,55.22,32.48,26.56,49
"San Francisco",2020-06-28,18,76.8,55.22,32.48,53
"San Francisco",2020-06-28,18,76.8,55.22,32.48,53
"San Francisco",2020-07-05,19,78.47,76.8,55.22,42
"San Francisco",2020-07-05,19,78.47,76.8,55.22,42
"San Francisco",2020-07-12,20,97.66,78.47,76.8,29
"San Francisco",2020-07-12,20,97.66,78.47,76.8,29
"San Francisco",2020-07-19,21,86.96,97.66,78.47,21
"San Francisco",2020-07-19,21,86.96,97.66,78.47,21
"San Francisco",2020-07-26,22,86.08,86.96,97.66,27
"San Francisco",2020-07-26,22,86.08,86.96,97.66,27
"San Francisco",2020-08-02,23,86.23,86.08,86.96,22
"San Francisco",2020-08-02,23,86.23,86.08,86.96,22
"San Francisco",2020-08-09,24,128.56,86.23,86.08,20
"San Francisco",2020-08-09,24,128.56,86.23,86.08,20
"San Francisco",2020-08-16,25,98.4,128.56,86.23,15
"San Francisco",2020-08-16,25,98.4,128.56,86.23,15
"San Francisco",2020-08-23,26,77.22,98.4,128.56,12
"San Francisco",2020-08-23,26,77.22,98.4,128.56,12
"San Francisco",2020-08-30,27,70.5,77.22,98.4,23
"San Francisco",2020-08-30,27,70.5,77.22,98.4,23
"San Francisco",2020-09-06,28,50.85,70.5,77.22,25
"San Francisco",2020-09-06,28,50.85,70.5,77.22,25
"San Francisco",2020-09-13,29,48.46,50.85,70.5,24
"San Francisco",2020-09-13,29,48.46,50.85,70.5,24
"San Francisco",2020-09-20,30,46.92,48.46,50.85,28
"San Francisco",2020-09-20,30,46.92,48.46,50.85,28
"San Francisco",2020-09-27,31,38.74,46.92,48.46,32
"San Francisco",2020-09-27,31,38.74,46.92,48.46,32
"San Francisco",2020-10-04,32,29.38,38.74,46.92,27
"San Francisco",2020-10-04,32,29.38,38.74,46.92,27
"San Francisco",2020-10-11,33,29.88,29.38,38.74,30
"San Francisco",2020-10-11,33,29.88,29.38,38.74,30
"San Francisco",2020-10-18,34,40.94,29.88,29.38,33
"San Francisco",2020-10-18,34,40.94,29.88,29.38,33
"San Francisco",2020-10-25,35,41.17,40.94,29.88,36
"San Francisco",2020-10-25,35,41.17,40.94,29.88,36
"San Francisco",2020-11-01,36,51.86,41.17,40.94,44
"San Francisco",2020-11-01,36,51.86,41.17,40.94,44
"San Francisco",2020-11-08,37,75.64,51.86,41.17,80
"San Francisco",2020-11-08,37,75.64,51.86,41.17,80
"San Francisco",2020-11-15,38,105.6,75.64,51.86,76
"San Francisco",2020-11-15,38,105.6,75.64,51.86,76
"San Francisco",2020-11-22,39,113.99,105.6,75.64,80
"San Francisco",2020-11-22,39,113.99,105.6,75.64,80
"San Francisco",2020-11-29,40,167.46,113.99,105.6,70
"San Francisco",2020-11-29,40,167.46,113.99,105.6,70
"San Francisco",2020-12-06,41,254.62,167.46,113.99,100
"San Francisco",2020-12-06,41,254.62,167.46,113.99,100
"Seattle",2020-03-01,1,2.54,NA,NA,NA
"Seattle",2020-03-08,2,11.76,2.54,NA,NA
"Seattle",2020-03-15,3,22.79,11.76,2.54,9
"Seattle",2020-03-15,3,22.79,11.76,2.54,9
"Seattle",2020-03-22,4,45.15,22.79,11.76,6
"Seattle",2020-03-22,4,45.15,22.79,11.76,6
"Seattle",2020-03-29,5,44.12,45.15,22.79,7
"Seattle",2020-03-29,5,44.12,45.15,22.79,7
"Seattle",2020-04-05,6,50.25,44.12,45.15,11
"Seattle",2020-04-05,6,50.25,44.12,45.15,11
"Seattle",2020-04-12,7,33.29,50.25,44.12,3
"Seattle",2020-04-12,7,33.29,50.25,44.12,3
"Seattle",2020-04-19,8,28.9,33.29,50.25,2
"Seattle",2020-04-19,8,28.9,33.29,50.25,2
"Seattle",2020-04-26,9,28.02,28.9,33.29,4
"Seattle",2020-04-26,9,28.02,28.9,33.29,4
"Seattle",2020-05-03,10,29.07,28.02,28.9,3
"Seattle",2020-05-03,10,29.07,28.02,28.9,3
"Seattle",2020-05-10,11,19.02,29.07,28.02,8
"Seattle",2020-05-10,11,19.02,29.07,28.02,8
"Seattle",2020-05-17,12,13.95,19.02,29.07,6
"Seattle",2020-05-17,12,13.95,19.02,29.07,6
"Seattle",2020-05-24,13,12.92,13.95,19.02,5
"Seattle",2020-05-24,13,12.92,13.95,19.02,5
"Seattle",2020-05-31,14,15.38,12.92,13.95,9
"Seattle",2020-05-31,14,15.38,12.92,13.95,9
"Seattle",2020-06-07,15,11.51,15.38,12.92,7
"Seattle",2020-06-07,15,11.51,15.38,12.92,7
"Seattle",2020-06-14,16,17.71,11.51,15.38,6
"Seattle",2020-06-14,16,17.71,11.51,15.38,6
"Seattle",2020-06-21,17,28.49,17.71,11.51,16
"Seattle",2020-06-21,17,28.49,17.71,11.51,16
"Seattle",2020-06-28,18,38.07,28.49,17.71,36
"Seattle",2020-06-28,18,38.07,28.49,17.71,36
"Seattle",2020-07-05,19,42.44,38.07,28.49,30
"Seattle",2020-07-05,19,42.44,38.07,28.49,30
"Seattle",2020-07-12,20,55.86,42.44,38.07,22
"Seattle",2020-07-12,20,55.86,42.44,38.07,22
"Seattle",2020-07-19,21,60.45,55.86,42.44,25
"Seattle",2020-07-19,21,60.45,55.86,42.44,25
"Seattle",2020-07-26,22,56.96,60.45,55.86,22
"Seattle",2020-07-26,22,56.96,60.45,55.86,22
"Seattle",2020-08-02,23,53.8,56.96,60.45,18
"Seattle",2020-08-02,23,53.8,56.96,60.45,18
"Seattle",2020-08-09,24,48.54,53.8,56.96,20
"Seattle",2020-08-09,24,48.54,53.8,56.96,20
"Seattle",2020-08-16,25,44.9,48.54,53.8,15
"Seattle",2020-08-16,25,44.9,48.54,53.8,15
"Seattle",2020-08-23,26,36.76,44.9,48.54,10
"Seattle",2020-08-23,26,36.76,44.9,48.54,10
"Seattle",2020-08-30,27,31.16,36.76,44.9,14
"Seattle",2020-08-30,27,31.16,36.76,44.9,14
"Seattle",2020-09-06,28,27.64,31.16,36.76,21
"Seattle",2020-09-06,28,27.64,31.16,36.76,21
"Seattle",2020-09-13,29,28.19,27.64,31.16,21
"Seattle",2020-09-13,29,28.19,27.64,31.16,21
"Seattle",2020-09-20,30,34.7,28.19,27.64,20
"Seattle",2020-09-20,30,34.7,28.19,27.64,20
"Seattle",2020-09-27,31,40.45,34.7,28.19,19
"Seattle",2020-09-27,31,40.45,34.7,28.19,19
"Seattle",2020-10-04,32,43.85,40.45,34.7,40
"Seattle",2020-10-04,32,43.85,40.45,34.7,40
"Seattle",2020-10-11,33,56.38,43.85,40.45,44
"Seattle",2020-10-11,33,56.38,43.85,40.45,44
"Seattle",2020-10-18,34,61.03,56.38,43.85,37
"Seattle",2020-10-18,34,61.03,56.38,43.85,37
"Seattle",2020-10-25,35,72.54,61.03,56.38,51
"Seattle",2020-10-25,35,72.54,61.03,56.38,51
"Seattle",2020-11-01,36,118.27,72.54,61.03,47
"Seattle",2020-11-01,36,118.27,72.54,61.03,47
"Seattle",2020-11-08,37,154.05,118.27,72.54,68
"Seattle",2020-11-08,37,154.05,118.27,72.54,68
"Seattle",2020-11-15,38,177.95,154.05,118.27,100
"Seattle",2020-11-15,38,177.95,154.05,118.27,100
"Seattle",2020-11-22,39,211.49,177.95,154.05,86
"Seattle",2020-11-22,39,211.49,177.95,154.05,86
"Seattle",2020-11-29,40,197.39,211.49,177.95,61
"Seattle",2020-11-29,40,197.39,211.49,177.95,61
"Seattle",2020-12-06,41,278.98,197.39,211.49,71
"Seattle",2020-12-06,41,278.98,197.39,211.49,71
"Tampa",2020-03-01,1,0.06,NA,NA,NA
"Tampa",2020-03-08,2,0.13,0.06,NA,NA
"Tampa",2020-03-15,3,2.6,0.13,0.06,9
"Tampa",2020-03-22,4,8.64,2.6,0.13,2
"Tampa",2020-03-29,5,18.91,8.64,2.6,2
"Tampa",2020-04-05,6,12.33,18.91,8.64,4
"Tampa",2020-04-12,7,14.05,12.33,18.91,5
"Tampa",2020-04-19,8,7.14,14.05,12.33,6
"Tampa",2020-04-26,9,10.14,7.14,14.05,6
"Tampa",2020-05-03,10,8.61,10.14,7.14,8
"Tampa",2020-05-10,11,11.77,8.61,10.14,8
"Tampa",2020-05-17,12,12.86,11.77,8.61,10
"Tampa",2020-05-24,13,14.37,12.86,11.77,8
"Tampa",2020-05-31,14,26.01,14.37,12.86,8
"Tampa",2020-06-07,15,47.76,26.01,14.37,12
"Tampa",2020-06-14,16,107.55,47.76,26.01,40
"Tampa",2020-06-21,17,222.45,107.55,47.76,82
"Tampa",2020-06-28,18,255.41,222.45,107.55,79
"Tampa",2020-07-05,19,268.46,255.41,222.45,83
"Tampa",2020-07-12,20,265.4,268.46,255.41,66
"Tampa",2020-07-19,21,209.78,265.4,268.46,34
"Tampa",2020-07-26,22,175,209.78,265.4,29
"Tampa",2020-08-02,23,145.74,175,209.78,26
"Tampa",2020-08-09,24,105.04,145.74,175,22
"Tampa",2020-08-16,25,85.64,105.04,145.74,24
"Tampa",2020-08-23,26,65.86,85.64,105.04,18
"Tampa",2020-08-30,27,78.31,65.86,85.64,24
"Tampa",2020-09-06,28,59,78.31,65.86,31
"Tampa",2020-09-13,29,72.27,59,78.31,24
"Tampa",2020-09-20,30,66.54,72.27,59,33
"Tampa",2020-09-27,31,59.94,66.54,72.27,27
"Tampa",2020-10-04,32,58.41,59.94,66.54,37
"Tampa",2020-10-11,33,97.09,58.41,59.94,36
"Tampa",2020-10-18,34,95.72,97.09,58.41,33
"Tampa",2020-10-25,35,97.28,95.72,97.09,30
"Tampa",2020-11-01,36,137.03,97.28,95.72,52
"Tampa",2020-11-08,37,143.01,137.03,97.28,50
"Tampa",2020-11-15,38,187.68,143.01,137.03,74
"Tampa",2020-11-22,39,186.11,187.68,143.01,54
"Tampa",2020-11-29,40,211.22,186.11,187.68,71
"Tampa",2020-12-06,41,288.12,211.22,186.11,67
